pr_code	pr_name	pr_price	pr_explain	pr_pic	pr_kc	pr_elec	pr_date	pr_maker	pr_nation	pr_size	pr_guarantee	pr_AS	pr_extraprice	pr_ps_state	pr_ca_num
FAB28RDGM5	FAB28 마욜리카	18300000	"이탈리아의 대표적인 두 브랜드 스메그(SMEG)와 돌체앤가바나(D&G)가 만들어낸 콜라보레이션은서로의 철학과 예술적인 감성을 결합하여 가전 그 이상의 가치를 선사합니다.시칠리아의 상징과 문화 예술, 삶의 이야기를 담아 내며이탈리아의 장인정신과 아름다움을 노래합니다.DIVINA CUCINA 컬렉션은 이탈리아의 역사, 전통, 대중 문화에 대한 찬사입니다.르네상스 시대에서 이어온 청색과 흰색의 마욜리카(MAJOLIKA) 기법으로 시칠리아의 역사, 문화, 요리, 아름다움을 표현했습니다.인간이 느끼는 심미성을 극대화한 곡선(곡률값)과사이즈에 따른 비율, 손잡이, 로고의 위치까지 철저히 계산하고이탈리아 현지 공장에서 완벽히 구현하여 누구도 따라할 수 없는 아름다움을 담습니다."	/2024/05/12/product_01_01.jpg	HW07063-21016A	AC 220v 60Hz	2022-08-01	SMEG S.p.A. 	ITALY	"270L(냉동 26, 냉장 244) / 601X728X1530mm"	1년	(주)제이컬렉션/스메그코리아 고객센터 1588-2644	설치 환경에 따라 추가 비용이 발생할 수 있음	판매중	1
FAB28RDGC5	FAB28 카레또	18300000	"이탈리아의 대표적인 두 브랜드 스메그(SMEG)와 돌체앤가바나(D&G)가 만들어낸 콜라보레이션은서로의 철학과 예술적인 감성을 결합하여 가전 그 이상의 가치를 선사합니다.시칠리아의 상징과 문화 예술, 삶의 이야기를 담아 내며이탈리아의 장인정신과 아름다움을 노래합니다.전통 인형극에서 영감을 받아 시칠리아인의 애환과 장인정신을 상징하는 수레(CARRETTO)와지중해의 태양, 오렌지, 레몬 등으로 시칠리아의 삶을 강렬하게 표현했습니다.인간이 느끼는 심미성을 극대화한 곡선(곡률값)과사이즈에 따른 비율, 손잡이, 로고의 위치까지 철저히 계산하고이탈리아 현지 공장에서 완벽히 구현하여 누구도 따라할 수 없는 아름다움을 담습니다."	/2024/05/12/product_01_02.png	HW07063-21016A	AC 220v 60Hz	2022-08-01	SMEG S.p.A. 	ITALY	"270L(냉동 26, 냉장 244) / 601X728X1530mm"	1년	(주)제이컬렉션/스메그코리아 고객센터 1588-2644	설치 환경에 따라 추가 비용이 발생할 수 있음	판매중	1
CJF01DGEU	착즙기 돌체앤가바나	920000	"Sicily is my Love' 컬렉션은 도미니코 돌체, 스테파노 가바나의 영혼의 고향인 시칠리아를 상징하며,더 나아가 스메그가 자랑스레 세상에 소개해온 이탈리아와 그 식문화에 있어 깊은 의미를 지닙니다가전 그 이상의 오브제Sicily is my love[금빛 레몬, 향긋한 오렌지, 풋풋한 배, 붉은 체리…]사람의 영혼을 끌어당기는 힘을 지닌 이탈리아 남부의 전통 음식에서 영감을 얻어 탄생한 이번 컬렉션은 스메그의 오랜 경험으로 얻은 결실입니다.시칠리아 전통의 독특한 색채 위에 열정이 살아있는 에트나산 풍경과 지중해의 향긋한 오렌지 프린트로 화려함을 더합니다."	/2024/05/12/product_01_03.png	유 / KTL HW07063-19007A	"AC 220V, 60Hz"	2019-05-01	SMEG S.p.A. 	ITALY	"(가로x세로x높이)281x166x166mm(HxLxW),2.56kg"	1년	(주)제이컬렉션/스메그코리아 고객센터 1588-2644	해당사항 없음	판매중	1
TSF01DGEU	토스터 돌체앤가바나	920000	"Sicily is my Love' 컬렉션은 도미니코 돌체, 스테파노 가바나의 영혼의 고향인 시칠리아를 상징하며,더 나아가 스메그가 자랑스레 세상에 소개해온 이탈리아와 그 식문화에 있어 깊은 의미를 지닙니다가전 그 이상의 오브제Sicily is my love[금빛 레몬, 향긋한 오렌지, 풋풋한 배, 붉은 체리…]사람의 영혼을 끌어당기는 힘을 지닌 이탈리아 남부의 전통 음식에서 영감을 얻어 탄생한 이번 컬렉션은 스메그의 오랜 경험으로 얻은 결실입니다.시칠리아 장인의 전통 수공예품을 모티브로한 화려한 패턴 위에 장엄한 수탉과 화려한 색감의 새, 지중해 수평선으로 향하는범선의 이미지로 섬세하게 디자인 되었습니다."	/2024/05/12/product_01_04.png	HW07063-19008G	"AC 220V, 60Hz"	2019-05-01	SMEG S.p.A. 	ITALY	"(가로x세로x높이)310x195x195mm, 2슬라이스, 팝업형"	1년	(주)제이컬렉션/스메그코리아 고객센터 1588-2644	해당사항 없음	판매중	1
KLF03DGEU	전기포트 돌체앤가바나	1000000	"Sicily is my Love' 컬렉션은 도미니코 돌체, 스테파노 가바나의 영혼의 고향인 시칠리아를 상징하며,더 나아가 스메그가 자랑스레 세상에 소개해온 이탈리아와 그 식문화에 있어 깊은 의미를 지닙니다가전 그 이상의 오브제Sicily is my love[금빛 레몬, 향긋한 오렌지, 풋풋한 배, 붉은 체리…]사람의 영혼을 끌어당기는 힘을 지닌 이탈리아 남부의 전통 음식에서 영감을 얻어 탄생한 이번 컬렉션은 스메그의 오랜 경험으로 얻은 결실입니다."	/2024/05/12/product_01_05.png	HW07063-19006G	"AC 220V, 60Hz "	2019-05-01	SMEG S.p.A. 	ITALY	"(가로x세로x높이)226x170x248mm, 1.7L, 1.6kg, 무선"	1년	(주)제이컬렉션/스메그코리아 고객센터 1588-2644	해당사항 없음	판매중	1
SMEG500R	SMEG500 레드	34500000	"다채로운 컬러와 광택, 부드러운 곡선 디자인으로 대표되는 50’S Retro Style은 1950년대 복고풍 감성을 자아냅니다.분위기를 재창조하는 아이콘으로 인테리어에 포인트가 되고 공간에 활기를 더합니다.SMEG500 냉장고는 이탈리아 자동차 브랜드 피아트(FIAT)와 콜라보레이션 프로젝트를 통해 탄생한 제품으로 피아트의 대표 소형차 친퀘첸토(FIAT500)를 냉장고로 디자인한 모델입니다.자동차 보닛을 여는 것처럼 도어를 열면 계기판 느낌의 전원장치와 은도 조절 장치 그리고 헤드라이트 스위치가 스메그 만의 디자인 감성을 그대로 표현하였습니다."	/2024/05/12/product_02_01.png	유 / KTL SW07099-14001A	220v 60Hz	2014-03-01	SMEG S.p.A. 	ITALY	"100리터 (24병), 1250x800x830mm"	1년	(주)제이컬렉션/스메그코리아 고객센터 1588-2644	설치 환경에 따라 추가 비용이 발생할 수 있음	품절	2
SMEG500G	SMEG500 옐로우	34500000	"다채로운 컬러와 광택, 부드러운 곡선 디자인으로 대표되는 50’S Retro Style은 1950년대 복고풍 감성을 자아냅니다.분위기를 재창조하는 아이콘으로 인테리어에 포인트가 되고 공간에 활기를 더합니다.SMEG500 냉장고는 이탈리아 자동차 브랜드 피아트(FIAT)와 콜라보레이션 프로젝트를 통해 탄생한 제품으로 피아트의 대표 소형차 친퀘첸토(FIAT500)를 냉장고로 디자인한 모델입니다.자동차 보닛을 여는 것처럼 도어를 열면 계기판 느낌의 전원장치와 은도 조절 장치 그리고 헤드라이트 스위치가 스메그 만의 디자인 감성을 그대로 표현하였습니다."	/2024/05/12/product_02_02.png	유 / KTL SW07099-14001A	220v 60Hz	2014-03-01	SMEG S.p.A. 	ITALY	"100리터 (24병), 1250x800x830mm"	1년	(주)제이컬렉션/스메그코리아 고객센터 1588-2644	설치 환경에 따라 추가 비용이 발생할 수 있음	품절	2
SMEG500V	"SMEG500 그린"	34500000	"다채로운 컬러와 광택, 부드러운 곡선 디자인으로 대표되는 50’S Retro Style은 1950년대 복고풍 감성을 자아냅니다.분위기를 재창조하는 아이콘으로 인테리어에 포인트가 되고 공간에 활기를 더합니다.SMEG500 냉장고는 이탈리아 자동차 브랜드 피아트(FIAT)와 콜라보레이션 프로젝트를 통해 탄생한 제품으로 피아트의 대표 소형차 친퀘첸토(FIAT500)를 냉장고로 디자인한 모델입니다.자동차 보닛을 여는 것처럼 도어를 열면 계기판 느낌의 전원장치와 은도 조절 장치 그리고 헤드라이트 스위치가 스메그 만의 디자인 감성을 그대로 표현하였습니다."	/2024/05/12/product_02_03.png	유 / KTL SW07099-14001A	220v 60Hz	2014-03-01	SMEG S.p.A. 	ITALY	"100리터 (24병), 1250x800x830mm"	1년	(주)제이컬렉션/스메그코리아 고객센터 1588-2644	설치 환경에 따라 추가 비용이 발생할 수 있음	품절	2
SMEG500BL	SMEG500 블루	34500000	"다채로운 컬러와 광택, 부드러운 곡선 디자인으로 대표되는 50’S Retro Style은 1950년대 복고풍 감성을 자아냅니다.분위기를 재창조하는 아이콘으로 인테리어에 포인트가 되고 공간에 활기를 더합니다.SMEG500 냉장고는 이탈리아 자동차 브랜드 피아트(FIAT)와 콜라보레이션 프로젝트를 통해 탄생한 제품으로 피아트의 대표 소형차 친퀘첸토(FIAT500)를 냉장고로 디자인한 모델입니다.자동차 보닛을 여는 것처럼 도어를 열면 계기판 느낌의 전원장치와 은도 조절 장치 그리고 헤드라이트 스위치가 스메그 만의 디자인 감성을 그대로 표현하였습니다."	/2024/05/12/product_02_04.png	유 / KTL SW07099-14001A	220v 60Hz	2014-03-02	SMEG S.p.A. 	ITALY	"100리터 (24병), 1250x800x830mm"	1년	(주)제이컬렉션/스메그코리아 고객센터 1588-2644	설치 환경에 따라 추가 비용이 발생할 수 있음	품절	2
SMEG500B	SMEG500 화이트	34500000	"다채로운 컬러와 광택, 부드러운 곡선 디자인으로 대표되는 50’S Retro Style은 1950년대 복고풍 감성을 자아냅니다.분위기를 재창조하는 아이콘으로 인테리어에 포인트가 되고 공간에 활기를 더합니다.SMEG500 냉장고는 이탈리아 자동차 브랜드 피아트(FIAT)와 콜라보레이션 프로젝트를 통해 탄생한 제품으로 피아트의 대표 소형차 친퀘첸토(FIAT500)를 냉장고로 디자인한 모델입니다.자동차 보닛을 여는 것처럼 도어를 열면 계기판 느낌의 전원장치와 은도 조절 장치 그리고 헤드라이트 스위치가 스메그 만의 디자인 감성을 그대로 표현하였습니다."	/2024/05/12/product_02_05.png	유 / KTL SW07099-14001A	220v 60Hz	2014-03-03	SMEG S.p.A. 	ITALY	"100리터 (24병), 1250x800x830mm"	1년	(주)제이컬렉션/스메그코리아 고객센터 1588-2644	설치 환경에 따라 추가 비용이 발생할 수 있음	품절	2
FAB28RDMM5_미키마우스	FAB28 미키마우스	4000000	"다채로운 컬러와 광택, 부드러운 곡선 디자인으로 대표되는 50’S Retro Style은 1950년대 복고풍 감성을 자아냅니다.분위기를 재창조하는 아이콘으로 인테리어에 포인트가 되고 공간에 활기를 더합니다.스메그 레트로 냉장고는 내구성, 안전성, 유연성, 매력 등 주방가전에 요구되는 본질을 끊임없이 고민한 결과물입니다.또한, 친환경 정책을 바탕으로 친환경 소재를 사용하고, 에너지 소비를 최소화하면서 더 나은 성능을 보여주는 제품을 위해 끊임없이 연구합니다.전 세계 많은 사람들이 사랑하는 디즈니 대표 캐릭터, 미키마우스.미키마우스 탄생 90주년을 기념하여 제작된 한정판 드로잉 FAB28이성능 개선된 리뉴얼 버전으로 새롭게 선보입니다."	/2024/05/12/product_03_01.png	HW07063-21016A	AC 220v 60Hz	2022-07-01	SMEG S.p.A. 	ITALY	"270L(냉동 26, 냉장 244) / 601X728X1530mm"	1년	(주)제이컬렉션/스메그코리아 고객센터 1588-2644	설치 환경에 따라 추가 비용이 발생할 수 있음	품절	3
FAB28RDCC5	FAB28 코카콜라 클래식	7200000	"시간이 흘러도 변함 없이 사랑받는 클래식,아이코닉한 아이템으로 대표되는 두 브랜드의 만남.스메그의 50’S RETRO 스타일 디자인과 코카콜라를 상징하는 레드 컬러로CLASSIC & ICONINC을 보여줍니다.Let’s Have a Coke! 단순히 음료를 마시는 행위를 넘어, 함께 이야기를 하고 일상의 행복을 공유하는 시간.스메그와 코카콜라는 이번 콜라보레이션을 통해 ‘일상의 행복’을 이야기 합니다.스메그의 제품은 사람을 위한 해당 제품의 본질과 기능에 집중하며 따라할 수 없는 장인정신의 품질을 보여줍니다.인간이 느끼는 심미성을 극대화한 아름다움은 가전을 넘어선 그 이상의 가치로 공간을 변화시킵니다."	/2024/05/12/product_04_01.png	HW07063-21016A	AC 220v 60Hz	2023-08-01	SMEG S.p.A. 	ITALY	"270L(냉동 26, 냉장 244) / 601X728X1530mm"	1년	(주)제이컬렉션/스메그코리아 고객센터 1588-2644	설치 환경에 따라 추가 비용이 발생할 수 있음	판매중	4
FA8005RAO5	콜로니얼 냉장고 앤트러사이트	"5,120,000"	"콜로니얼은 과거 어느 주방의 따뜻함과 친밀함을 스메그만의 감각으로 재현한 디자인입니다.그 시절 흔히 찾아볼 수 있는 소재와 대칭, 조화 등의 미적 요소가 더해져 특유의 이국적이고 특색있는 주방을 연출해 줍니다.시대를 초월한 디자인으로 고전적이고 우아한 주방을 완성하는 스메그의 콜로니얼 라인을 만나보세요.어디에서도 볼 수 없는 독보적인 디자인과 감성의 콜로니얼 냉장고는특별한 공간을 꿈꾸는 이들에게 무엇과도 대체할 수 없는 단 하나의 선택지입니다.시대를 초월한 디자인의 콜로니얼 냉장고로 당신의 감각적인 주방을 완성하세요.정교하게 표현한 손잡이 디테일과 브라스(Brass) 소재의 마감은 콜로니얼 특유의 고전적이고 우아한 이미지를 완성합니다.손잡이와 통일감을 준 레트로 로고는 디자인의 완성도를 한층 더 높여줍니다."	/2024/05/12/product_05_01.png	HW07085-23005A	"220v 60Hz, 127W"	2023-11-01	Bonferraro S.p.A	ITALY	"481L (냉장실 344L / 냉동실 137L), 704x704x1955mm (WxDxH)"	1년	(주)제이컬렉션/스메그코리아 고객센터 1588-2644	설치 환경에 따라 추가 비용이 발생할 수 있음	판매중	5
FA8005RPO5	콜로니얼 냉장고 크림	"6,400,000"	"콜로니얼은 과거 어느 주방의 따뜻함과 친밀함을 스메그만의 감각으로 재현한 디자인입니다.그 시절 흔히 찾아볼 수 있는 소재와 대칭, 조화 등의 미적 요소가 더해져 특유의 이국적이고 특색있는 주방을 연출해 줍니다.시대를 초월한 디자인으로 고전적이고 우아한 주방을 완성하는 스메그의 콜로니얼 라인을 만나보세요.어디에서도 볼 수 없는 독보적인 디자인과 감성의 콜로니얼 냉장고는특별한 공간을 꿈꾸는 이들에게 무엇과도 대체할 수 없는 단 하나의 선택지입니다.시대를 초월한 디자인의 콜로니얼 냉장고로 당신의 감각적인 주방을 완성하세요.정교하게 표현한 손잡이 디테일과 브라스(Brass) 소재의 마감은 콜로니얼 특유의 고전적이고 우아한 이미지를 완성합니다.손잡이와 통일감을 준 레트로 로고는 디자인의 완성도를 한층 더 높여줍니다."	/2024/05/12/product_05_02.png	HW07085-23005A	"220v 60Hz, 127W"	2023-11-01	Bonferraro S.p.A	ITALY	"481L (냉장실 344L / 냉동실 137L), 704x704x1955mm (WxDxH)"	1년	(주)제이컬렉션/스메그코리아 고객센터 1588-2644	설치 환경에 따라 추가 비용이 발생할 수 있음	품절	5
FA3905RX5	클래식 냉장고	"5,280,000"	"세계적인 건축가 구이도 카날리(Guido Canali)와의 협업으로 탄생한 클래식 라인은스테인리스 스틸 소재와 컴팩트한 볼륨, 간결한 셰입으로 절제된 디자인이 특징입니다.제품에 사용된 프리미엄 스틸 소재는 그 자체로 스타일리시하면서도 세련된 느낌을 자아내며, 시간이 지나도 변치않는 아름다운 클래식의 가치를 보여줍니다.어떠한 공간에서도 스타일리시한 존재감을 드러내는 클래식 냉장고는 절제된 디자인으로 세련된 분위기를 연출합니다.시대를 초월한 디자인의 클래식 냉장고로 당신의 감각적인 주방을 완성하세요.둥글게 곡선 처리된 손잡이는 직선적이고 간결한 클래식 라인에서 하나의 시그니처 포인트 역할을 합니다.도어 컬러와 통일감을 준 스메그 로고는 디자인의 완성도를 한층 더 높여줍니다."	/2024/05/12/product_05_03.png	HW07085-23005A	"220v 60Hz, 127W"	2023-11-01	Bonferraro S.p.A	ITALY	"481L (냉장실 344L / 냉동실 137L), 704x704x1955mm (WxDxH)"	1년	(주)제이컬렉션/스메그코리아 고객센터 1588-2644	설치 환경에 따라 추가 비용이 발생할 수 있음	판매중	5
FAB32RPG3	FAB32 냉장고 파스텔그린	"5,120,000"	"인간이 느끼는 심미성을 극대화한 곡선(곡률값)과사이즈에 따른 비율, 손잡이, 로고의 위치까지 철저히 계산하고이탈리아 현지 공장에서 완벽히 구현하여 누구도 따라할 수 없는 아름다움을 담습니다.세계적으로 사랑받는 스테디셀러 50’s Retro Style 냉장고는다채로운 컬러와 광택, 부드러운 곡선 디자인으로 컬러 냉장고의 시대를 열었습니다.가전을 넘어 분위기를 재창조하는 하나의 오브제로 인테리어에 포인트가 되고 공간에 활기를 더합니다.11cm 이상의 두꺼운 도어와 친환경 개스킷이 밀착력을 높혀 조용하고 강력하게 냉기를 유지시켜 줍니다.정전된 경우에도 도어를 열지 않으면 *최장 24시간까지 냉기를 유지할 수 있습니다.스메그만의 구조 설계로 에너지 소비 절감 효과가 뛰어납니다."	/2024/05/12/product_05_04.png	HW07063-19005C	"220v 60Hz, 24.8kWh/월"	2019-08-01	Bonferraro S.p.A	ITALY	"(가로x세로x높이)600x728x1968mm, 331.1L(냉장234L, 냉동97.1L)"	1년	(주)제이컬렉션/스메그코리아 고객센터 1588-2644	설치 환경에 따라 추가 비용이 발생할 수 있음	판매중	5
FAB32RCR5	FAB32 냉장고 크림	"5,120,000"	"인간이 느끼는 심미성을 극대화한 곡선(곡률값)과사이즈에 따른 비율, 손잡이, 로고의 위치까지 철저히 계산하고이탈리아 현지 공장에서 완벽히 구현하여 누구도 따라할 수 없는 아름다움을 담습니다.세계적으로 사랑받는 스테디셀러 50’s Retro Style 냉장고는다채로운 컬러와 광택, 부드러운 곡선 디자인으로 컬러 냉장고의 시대를 열었습니다.가전을 넘어 분위기를 재창조하는 하나의 오브제로 인테리어에 포인트가 되고 공간에 활기를 더합니다.11cm 이상의 두꺼운 도어와 친환경 개스킷이 밀착력을 높혀 조용하고 강력하게 냉기를 유지시켜 줍니다.정전된 경우에도 도어를 열지 않으면 *최장 24시간까지 냉기를 유지할 수 있습니다.스메그만의 구조 설계로 에너지 소비 절감 효과가 뛰어납니다."	/2024/05/12/product_05_05.png	HW07063-19005C	"220v 60Hz, 24.8kWh/월"	2022-03-01	SMEG S.p.A. 	ITALY	"(가로x세로x높이)600x728x1968mm, 331.1L(냉장234L, 냉동97.1L)"	1년	(주)제이컬렉션/스메그코리아 고객센터 1588-2644	설치 환경에 따라 추가 비용이 발생할 수 있음	판매중	5
FAB32RBE5	FAB32 냉장고 블루	"4,960,000"	"인간이 느끼는 심미성을 극대화한 곡선(곡률값)과사이즈에 따른 비율, 손잡이, 로고의 위치까지 철저히 계산하고이탈리아 현지 공장에서 완벽히 구현하여 누구도 따라할 수 없는 아름다움을 담습니다.세계적으로 사랑받는 스테디셀러 50’s Retro Style 냉장고는다채로운 컬러와 광택, 부드러운 곡선 디자인으로 컬러 냉장고의 시대를 열었습니다.가전을 넘어 분위기를 재창조하는 하나의 오브제로 인테리어에 포인트가 되고 공간에 활기를 더합니다.11cm 이상의 두꺼운 도어와 친환경 개스킷이 밀착력을 높혀 조용하고 강력하게 냉기를 유지시켜 줍니다.정전된 경우에도 도어를 열지 않으면 *최장 24시간까지 냉기를 유지할 수 있습니다.스메그만의 구조 설계로 에너지 소비 절감 효과가 뛰어납니다."	/2024/05/12/product_05_06.png	HW07063-19005C	"220v 60Hz, 24.8kWh/월"	2022-03-01	SMEG S.p.A. 	ITALY	"(가로x세로x높이)600x728x1968mm, 331.1L(냉장234L, 냉동97.1L)"	1년	(주)제이컬렉션/스메그코리아 고객센터 1588-2644	설치 환경에 따라 추가 비용이 발생할 수 있음	판매중	5
FAB32RLI5	FAB32 냉장고 라임	"5,120,000"	"인간이 느끼는 심미성을 극대화한 곡선(곡률값)과사이즈에 따른 비율, 손잡이, 로고의 위치까지 철저히 계산하고이탈리아 현지 공장에서 완벽히 구현하여 누구도 따라할 수 없는 아름다움을 담습니다.세계적으로 사랑받는 스테디셀러 50’s Retro Style 냉장고는다채로운 컬러와 광택, 부드러운 곡선 디자인으로 컬러 냉장고의 시대를 열었습니다.가전을 넘어 분위기를 재창조하는 하나의 오브제로 인테리어에 포인트가 되고 공간에 활기를 더합니다.11cm 이상의 두꺼운 도어와 친환경 개스킷이 밀착력을 높혀 조용하고 강력하게 냉기를 유지시켜 줍니다.정전된 경우에도 도어를 열지 않으면 *최장 24시간까지 냉기를 유지할 수 있습니다.스메그만의 구조 설계로 에너지 소비 절감 효과가 뛰어납니다."	/2024/05/12/product_05_07.png	HW07063-19005C	"220v 60Hz, 24.8kWh/월"	2022-03-01	SMEG S.p.A. 	ITALY	"(가로x세로x높이)600x728x1968mm, 331.1L(냉장234L, 냉동97.1L)"	1년	(주)제이컬렉션/스메그코리아 고객센터 1588-2644	설치 환경에 따라 추가 비용이 발생할 수 있음	판매중	5
FAB32RWH5	FAB32 냉장고 화이트	"4,960,000"	"인간이 느끼는 심미성을 극대화한 곡선(곡률값)과사이즈에 따른 비율, 손잡이, 로고의 위치까지 철저히 계산하고이탈리아 현지 공장에서 완벽히 구현하여 누구도 따라할 수 없는 아름다움을 담습니다.세계적으로 사랑받는 스테디셀러 50’s Retro Style 냉장고는다채로운 컬러와 광택, 부드러운 곡선 디자인으로 컬러 냉장고의 시대를 열었습니다.가전을 넘어 분위기를 재창조하는 하나의 오브제로 인테리어에 포인트가 되고 공간에 활기를 더합니다.11cm 이상의 두꺼운 도어와 친환경 개스킷이 밀착력을 높혀 조용하고 강력하게 냉기를 유지시켜 줍니다.정전된 경우에도 도어를 열지 않으면 *최장 24시간까지 냉기를 유지할 수 있습니다.스메그만의 구조 설계로 에너지 소비 절감 효과가 뛰어납니다."	/2024/05/12/product_05_08.png	HW07063-19005C	"220v 60Hz, 24.8kWh/월"	2019-03-01	SMEG S.p.A. 	ITALY	"331L (냉장실 234L / 냉동실 97L), 600x728x1968mm (WxDxH)"	1년	(주)제이컬렉션/스메그코리아 고객센터 1588-2644	설치 환경에 따라 추가 비용이 발생할 수 있음	판매중	5
FAB5RPB5	FAB5 냉장고 파스텔블루	"2,160,000"	"인간이 느끼는 심미성을 극대화한 곡선(곡률값)과사이즈에 따른 비율, 손잡이, 로고의 위치까지 철저히 계산하고이탈리아 현지 공장에서 완벽히 구현하여 누구도 따라할 수 없는 아름다움을 담습니다.세계적으로 사랑받는 스테디셀러 50’s Retro Style 냉장고는다채로운 컬러와 광택, 부드러운 곡선 디자인으로 컬러 냉장고의 시대를 열었습니다.가전을 넘어 분위기를 재창조하는 하나의 오브제로 인테리어에 포인트가 되고 공간에 활기를 더합니다.11cm 이상의 두꺼운 도어와 친환경 개스킷이 밀착력을 높혀 조용하고 강력하게 냉기를 유지시켜 줍니다.정전된 경우에도 도어를 열지 않으면 *최장 24시간까지 냉기를 유지할 수 있습니다.스메그만의 구조 설계로 에너지 소비 절감 효과가 뛰어납니다."	/2024/05/12/product_05_09.png	HW07085-20003C	"220v, 50/60hz, 23.2kWh(월)"	2022-02-01	Bonferraro S.P.A.	ITALY	"(가로x세로x높이)404x500x734mm, 34L (냉장전용)"	1년	(주)제이컬렉션/스메그코리아 고객센터 1588-2644	설치 환경에 따라 추가 비용이 발생할 수 있음	판매중	5
FAB5RRD5	FAB5 냉장고 레드	"2,080,000"	"""인간이 느끼는 심미성을 극대화한 곡선(곡률값)과사이즈에 따른 비율, 손잡이, 로고의 위치까지 철저히 계산하고이탈리아 현지 공장에서 완벽히 구현하여 누구도 따라할 수 없는 아름다움을 담습니다.세계적으로 사랑받는 스테디셀러 50’s Retro Style 냉장고는다채로운 컬러와 광택, 부드러운 곡선 디자인으로 컬러 냉장고의 시대를 열었습니다.가전을 넘어 분위기를 재창조하는 하나의 오브제로 인테리어에 포인트가 되고 공간에 활기를 더합니다.11cm 이상의 두꺼운 도어와 친환경 개스킷이 밀착력을 높혀 조용하고 강력하게 냉기를 유지시켜 줍니다.정전된 경우에도 도어를 열지 않으면 *최장 24시간까지 냉기를 유지할 수 있습니다.스메그만의 구조 설계로 에너지 소비 절감 효과가 뛰어납니다."""	/2024/05/12/product_05_10.png	HW07085-20003C	"220v, 50/60hz, 23.2kWh(월)"	2022-02-01	Bonferraro S.P.A.	ITALY	"(가로x세로x높이)404x500x734mm, 34L (냉장전용)"	1년	(주)제이컬렉션/스메그코리아 고객센터 1588-2644	설치 환경에 따라 추가 비용이 발생할 수 있음	판매중	5
FAB5RDUJ5	FAB5 냉장고 유니언잭	"2,840,000"	"""인간이 느끼는 심미성을 극대화한 곡선(곡률값)과사이즈에 따른 비율, 손잡이, 로고의 위치까지 철저히 계산하고이탈리아 현지 공장에서 완벽히 구현하여 누구도 따라할 수 없는 아름다움을 담습니다.세계적으로 사랑받는 스테디셀러 50’s Retro Style 냉장고는다채로운 컬러와 광택, 부드러운 곡선 디자인으로 컬러 냉장고의 시대를 열었습니다.가전을 넘어 분위기를 재창조하는 하나의 오브제로 인테리어에 포인트가 되고 공간에 활기를 더합니다.11cm 이상의 두꺼운 도어와 친환경 개스킷이 밀착력을 높혀 조용하고 강력하게 냉기를 유지시켜 줍니다.정전된 경우에도 도어를 열지 않으면 *최장 24시간까지 냉기를 유지할 수 있습니다.스메그만의 구조 설계로 에너지 소비 절감 효과가 뛰어납니다."""	/2024/05/12/product_05_11.png	HW07085-20003C	"220v, 50/60hz, 278kw/년"	2022-02-01	Bonferraro S.P.A. / (주)제이컬렉션	ITALY	"(가로x세로x높이)404x500x734mm, 34L (냉장전용)"	1년	(주)제이컬렉션/스메그코리아 고객센터 1588-2644	설치 환경에 따라 추가 비용이 발생할 수 있음	판매중	5
FAB5RPK5	FAB5 냉장고 핑크	"2,160,000"	"""인간이 느끼는 심미성을 극대화한 곡선(곡률값)과사이즈에 따른 비율, 손잡이, 로고의 위치까지 철저히 계산하고이탈리아 현지 공장에서 완벽히 구현하여 누구도 따라할 수 없는 아름다움을 담습니다.세계적으로 사랑받는 스테디셀러 50’s Retro Style 냉장고는다채로운 컬러와 광택, 부드러운 곡선 디자인으로 컬러 냉장고의 시대를 열었습니다.가전을 넘어 분위기를 재창조하는 하나의 오브제로 인테리어에 포인트가 되고 공간에 활기를 더합니다.11cm 이상의 두꺼운 도어와 친환경 개스킷이 밀착력을 높혀 조용하고 강력하게 냉기를 유지시켜 줍니다.정전된 경우에도 도어를 열지 않으면 *최장 24시간까지 냉기를 유지할 수 있습니다.스메그만의 구조 설계로 에너지 소비 절감 효과가 뛰어납니다."""	/2024/05/12/product_05_12.png	HW07085-20003C	"220v, 50/60hz, 278kw/년"	2022-02-01	Bonferraro S.P.A. / (주)제이컬렉션	ITALY	"(가로x세로x높이)404x500x734mm, 34L (냉장전용)"	1년	(주)제이컬렉션/스메그코리아 고객센터 1588-2645	설치 환경에 따라 추가 비용이 발생할 수 있음	판매중	5
FAB30ROR5	FAB30 냉장고 오렌지	"4,240,000"	"세상에 없던 디자인과 컬러로주방을 넘어 공간에 활력을 불어 넣으세요세계적으로 사랑받는 스테디셀러 50’s Retro Style 냉장고는다채로운 컬러와 광택, 부드러운 곡선 디자인으로 컬러 냉장고의 시대를 열었습니다.가전을 넘어 분위기를 재창조하는 하나의 오브제로 인테리어에 포인트가 되고 공간에 활기를 더합니다.제로 에너지 로스 시스템11cm 이상의 두꺼운 도어와 친환경 개스킷이 밀착력을 높혀 조용하고 강력하게 냉기를 유지시켜 줍니다.정전된 경우에도 도어를 열지 않으면 *최장 24시간까지 냉기를 유지할 수 있습니다.스메그만의 구조 설계로 에너지 소비 절감 효과가 뛰어납니다.(*중간에 열지 않았을 때, 냉동 / 냉장칸 모두 유지)"	/2024/05/12/product_05_13.png	HW07063-20011C	"220v, 60Hz, 22.98(kwh/월)"	2022-04-01	SMEG S.p.A. / (주)제이컬렉션	ITALY	"(가로x세로x높이)600x728x1720mm, 283L(냉장210.2L, 냉동 72.8L)"	1년	(주)제이컬렉션/스메그코리아 고객센터 1588-2646	설치 환경에 따라 추가 비용이 발생할 수 있음	판매중	5
FAB5ROR5	FAB5 냉장고 오렌지	"2,080,000"	"인간이 느끼는 심미성을 극대화한 곡선(곡률값)과사이즈에 따른 비율, 손잡이, 로고의 위치까지 철저히 계산하고이탈리아 현지 공장에서 완벽히 구현하여 누구도 따라할 수 없는 아름다움을 담습니다.세계적으로 사랑받는 스테디셀러 50’s Retro Style 냉장고는다채로운 컬러와 광택, 부드러운 곡선 디자인으로 컬러 냉장고의 시대를 열었습니다.가전을 넘어 분위기를 재창조하는 하나의 오브제로 인테리어에 포인트가 되고 공간에 활기를 더합니다.11cm 이상의 두꺼운 도어와 친환경 개스킷이 밀착력을 높혀 조용하고 강력하게 냉기를 유지시켜 줍니다.정전된 경우에도 도어를 열지 않으면 *최장 24시간까지 냉기를 유지할 수 있습니다."	/2024/05/12/product_05_14.png	HW07085-20003C	"220-240V 60Hz, 22.98kWh/월"	2022-02-01	Bonferraro S.P.A. / (주)제이컬렉션	ITALY	"(가로x세로x높이)404x500x734mm, 34L (냉장전용)"	1년	(주)제이컬렉션/스메그코리아 고객센터 1588-2644	설치 환경에 따라 추가 비용이 발생할 수 있음	판매중	5
FAB30RPB5	FAB30 냉장고 파스텔 블루	"4,400,000"	"인간이 느끼는 심미성을 극대화한 곡선(곡률값)과사이즈에 따른 비율, 손잡이, 로고의 위치까지 철저히 계산하고이탈리아 현지 공장에서 완벽히 구현하여 누구도 따라할 수 없는 아름다움을 담습니다.세계적으로 사랑받는 스테디셀러 50’s Retro Style 냉장고는다채로운 컬러와 광택, 부드러운 곡선 디자인으로 컬러 냉장고의 시대를 열었습니다.가전을 넘어 분위기를 재창조하는 하나의 오브제로 인테리어에 포인트가 되고 공간에 활기를 더합니다.11cm 이상의 두꺼운 도어와 친환경 개스킷이 밀착력을 높혀 조용하고 강력하게 냉기를 유지시켜 줍니다.정전된 경우에도 도어를 열지 않으면 *최장 24시간까지 냉기를 유지할 수 있습니다."	/2024/05/12/product_05_15.png	HW07063-20011C	"220-240V 60Hz, 22.98kWh/월"	2022-04-01	SMEG S.p.A. / (주)제이컬렉션	ITALY	"(가로x세로x높이)600x728x1720mm, 283L(냉장210.2L, 냉동 72.8L)"	1년	(주)제이컬렉션/스메그코리아 고객센터 1588-2644	설치 환경에 따라 추가 비용이 발생할 수 있음	판매중	5
FAB32ROR5	FAB32 냉장고 오렌지	"4,960,000"	"인간이 느끼는 심미성을 극대화한 곡선(곡률값)과사이즈에 따른 비율, 손잡이, 로고의 위치까지 철저히 계산하고이탈리아 현지 공장에서 완벽히 구현하여 누구도 따라할 수 없는 아름다움을 담습니다.세계적으로 사랑받는 스테디셀러 50’s Retro Style 냉장고는다채로운 컬러와 광택, 부드러운 곡선 디자인으로 컬러 냉장고의 시대를 열었습니다.가전을 넘어 분위기를 재창조하는 하나의 오브제로 인테리어에 포인트가 되고 공간에 활기를 더합니다.11cm 이상의 두꺼운 도어와 친환경 개스킷이 밀착력을 높혀 조용하고 강력하게 냉기를 유지시켜 줍니다.정전된 경우에도 도어를 열지 않으면 *최장 24시간까지 냉기를 유지할 수 있습니다."	/2024/05/12/product_05_16.png	HW07063-19005A	"220v 60Hz, 24.8kWh/월"	2022-03-01	SMEG S.p.A. / (주)제이컬렉션	ITALY	"(가로x세로x높이)600x728x1968mm, 331.1L(냉장234L, 냉동97.1L)"	1년	(주)제이컬렉션/스메그코리아 고객센터 1588-2644	설치 환경에 따라 추가 비용이 발생할 수 있음	판매중	5
FAB32RPB5	FAB32 파스텔블루	"5,120,000"	"다채로운 컬러와 광택, 부드러운 곡선 디자인으로 대표 되는 50'S Retro Style은 1950년대 복고풍 감성을 자아냅니다.가전을 넘어 분위기를 재창조하는 아이콘으로 인테리어에 포인트가 되고 공간에 활기를 더합니다.스메그 레트로 냉장고는 내구성, 안전성, 유연성, 매력 등 주방 가전에 요구되는 본질을 끊임없이 고민한 결과물입니다.친환경 소재를 사용하고, 에너지 소비를 최소화하기 위한 연구개발 등 지속 가능성을 위한 노력도 게을리하지 않습니다.정전 시에도 도어를 열지 않으면 최장 24시간까지 냉기를 유지할 수 있습니다.도어 개스킷은 형광물질을 최소로 사용하여 사용 중 변색이 될 수 있으나,사용자의 건강을 우선으로 하는 스메그의 철학을 반영하였습니다."	/2024/05/12/product_05_17.png	HW07063-19005C	"220v 60Hz, 24.8kWh/월"	2019-03-01	SMEG S.p.A. / (주)제이컬렉션	ITALY	"331L (냉장실 234L / 냉동실 97L), 600x728x1968mm (WxDxH)"	1년	(주)제이컬렉션/스메그코리아 고객센터 1588-2644	해당사항 없음	판매중	5
FAB32RSV5	FAB32 냉장고 실버	"5,120,000"	"인간이 느끼는 심미성을 극대화한 곡선(곡률값)과사이즈에 따른 비율, 손잡이, 로고의 위치까지 철저히 계산하고이탈리아 현지 공장에서 완벽히 구현하여 누구도 따라할 수 없는 아름다움을 담습니다.세계적으로 사랑받는 스테디셀러 50’s Retro Style 냉장고는다채로운 컬러와 광택, 부드러운 곡선 디자인으로 컬러 냉장고의 시대를 열었습니다.가전을 넘어 분위기를 재창조하는 하나의 오브제로 인테리어에 포인트가 되고 공간에 활기를 더합니다.11cm 이상의 두꺼운 도어와 친환경 개스킷이 밀착력을 높혀 조용하고 강력하게 냉기를 유지시켜 줍니다.정전된 경우에도 도어를 열지 않으면 *최장 24시간까지 냉기를 유지할 수 있습니다."	/2024/05/12/product_05_18.png	HW07063-19005A	"220v 60Hz, 24.8kWh/월"	2019-03-01	SMEG S.p.A. / (주)제이컬렉션	ITALY	"331L (냉장실 234L / 냉동실 97L), 600x728x1968mm (WxDxH)"	1년	(주)제이컬렉션/스메그코리아 고객센터 1588-2644	해당사항 없음	판매중	5
FAB32RPK5	FAB32 냉장고 핑크	"5,120,000"	"인간이 느끼는 심미성을 극대화한 곡선(곡률값)과사이즈에 따른 비율, 손잡이, 로고의 위치까지 철저히 계산하고이탈리아 현지 공장에서 완벽히 구현하여 누구도 따라할 수 없는 아름다움을 담습니다.세계적으로 사랑받는 스테디셀러 50’s Retro Style 냉장고는다채로운 컬러와 광택, 부드러운 곡선 디자인으로 컬러 냉장고의 시대를 열었습니다.가전을 넘어 분위기를 재창조하는 하나의 오브제로 인테리어에 포인트가 되고 공간에 활기를 더합니다.11cm 이상의 두꺼운 도어와 친환경 개스킷이 밀착력을 높혀 조용하고 강력하게 냉기를 유지시켜 줍니다.정전된 경우에도 도어를 열지 않으면 *최장 24시간까지 냉기를 유지할 수 있습니다."	/2024/05/12/product_05_19.png	HW07063-19005C	"220v 60Hz, 24.8kWh/월"	2022-03-01	SMEG S.p.A. / (주)제이컬렉션	ITALY	"(가로x세로x높이)600x728x1968mm, 331.1L(냉장234L, 냉동97.1L)"	1년	(주)제이컬렉션/스메그코리아 고객센터 1588-2644	해당사항 없음	판매중	5
FAB32RBL5	FAB32 냉장고 블랙	"4,960,000"	"인간이 느끼는 심미성을 극대화한 곡선(곡률값)과사이즈에 따른 비율, 손잡이, 로고의 위치까지 철저히 계산하고이탈리아 현지 공장에서 완벽히 구현하여 누구도 따라할 수 없는 아름다움을 담습니다.세계적으로 사랑받는 스테디셀러 50’s Retro Style 냉장고는다채로운 컬러와 광택, 부드러운 곡선 디자인으로 컬러 냉장고의 시대를 열었습니다.가전을 넘어 분위기를 재창조하는 하나의 오브제로 인테리어에 포인트가 되고 공간에 활기를 더합니다.11cm 이상의 두꺼운 도어와 친환경 개스킷이 밀착력을 높혀 조용하고 강력하게 냉기를 유지시켜 줍니다.정전된 경우에도 도어를 열지 않으면 *최장 24시간까지 냉기를 유지할 수 있습니다."	/2024/05/12/product_05_20.png	HW07063-19005C	"220v 60Hz, 24.8kWh/월"	2022-03-01	SMEG S.p.A. / (주)제이컬렉션	ITALY	"(가로x세로x높이)600x728x1968mm, 331.1L(냉장234L, 냉동97.1L)"	1년	(주)제이컬렉션/스메그코리아 고객센터 1588-2644	설치 환경에 따라 추가 비용이 발생할 수 있음	판매중	5
FAB32RRD5	FAB32 냉장고 레드	"4,960,000"	"인간이 느끼는 심미성을 극대화한 곡선(곡률값)과사이즈에 따른 비율, 손잡이, 로고의 위치까지 철저히 계산하고이탈리아 현지 공장에서 완벽히 구현하여 누구도 따라할 수 없는 아름다움을 담습니다.세계적으로 사랑받는 스테디셀러 50’s Retro Style 냉장고는다채로운 컬러와 광택, 부드러운 곡선 디자인으로 컬러 냉장고의 시대를 열었습니다.가전을 넘어 분위기를 재창조하는 하나의 오브제로 인테리어에 포인트가 되고 공간에 활기를 더합니다.11cm 이상의 두꺼운 도어와 친환경 개스킷이 밀착력을 높혀 조용하고 강력하게 냉기를 유지시켜 줍니다.정전된 경우에도 도어를 열지 않으면 *최장 24시간까지 냉기를 유지할 수 있습니다."	/2024/05/12/product_05_21.png	HW07063-19005C	"220v 60Hz, 24.8kWh/월"	2022-03-01	SMEG S.p.A. / (주)제이컬렉션	ITALY	"(가로x세로x높이)600x728x1968mm, 331.1L(냉장234L, 냉동97.1L)"	1년	(주)제이컬렉션/스메그코리아 고객센터 1588-2644	설치 환경에 따라 추가 비용이 발생할 수 있음	판매중	5
FAB28ROR5	FAB28 냉장고 오렌지	"4,000,000"	"인간이 느끼는 심미성을 극대화한 곡선(곡률값)과사이즈에 따른 비율, 손잡이, 로고의 위치까지 철저히 계산하고이탈리아 현지 공장에서 완벽히 구현하여 누구도 따라할 수 없는 아름다움을 담습니다.세계적으로 사랑받는 스테디셀러 50’s Retro Style 냉장고는다채로운 컬러와 광택, 부드러운 곡선 디자인으로 컬러 냉장고의 시대를 열었습니다.가전을 넘어 분위기를 재창조하는 하나의 오브제로 인테리어에 포인트가 되고 공간에 활기를 더합니다.11cm 이상의 두꺼운 도어와 친환경 개스킷이 밀착력을 높혀 조용하고 강력하게 냉기를 유지시켜 줍니다.정전된 경우에도 도어를 열지 않으면 *최장 24시간까지 냉기를 유지할 수 있습니다."	/2024/05/12/product_05_22.png	HW07063-21016F	"AC 220v 60Hz, 17.87kWh/월"	2022-12-01	SMEG S.p.A. / (주)제이컬렉션	ITALY	"(가로x세로x높이)601x728x1530mm, 266.1L(냉장240.8L, 냉동25.3L)"	1년	(주)제이컬렉션/스메그코리아 고객센터 1588-2644	설치 환경에 따라 추가 비용이 발생할 수 있음	판매중	5
FAB28RCR5	FAB28 냉장고 크림	"3,320,000"	"인간이 느끼는 심미성을 극대화한 곡선(곡률값)과사이즈에 따른 비율, 손잡이, 로고의 위치까지 철저히 계산하고이탈리아 현지 공장에서 완벽히 구현하여 누구도 따라할 수 없는 아름다움을 담습니다.세계적으로 사랑받는 스테디셀러 50’s Retro Style 냉장고는다채로운 컬러와 광택, 부드러운 곡선 디자인으로 컬러 냉장고의 시대를 열었습니다.가전을 넘어 분위기를 재창조하는 하나의 오브제로 인테리어에 포인트가 되고 공간에 활기를 더합니다.11cm 이상의 두꺼운 도어와 친환경 개스킷이 밀착력을 높혀 조용하고 강력하게 냉기를 유지시켜 줍니다.정전된 경우에도 도어를 열지 않으면 *최장 24시간까지 냉기를 유지할 수 있습니다."	/2024/05/12/product_05_23.png	HW07063-21016F	"AC 220v 60Hz, 17.87kWh/월"	2022-12-01	SMEG S.p.A. / (주)제이컬렉션	ITALY	"(가로x세로x높이)601x728x1530mm, 266.1L(냉장240.8L, 냉동25.3L)"	1년	(주)제이컬렉션/스메그코리아 고객센터 1588-2644	해당사항 없음	판매중	5
FAB28RYW5	FAB28 냉장고 옐로우	"3,200,000"	"인간이 느끼는 심미성을 극대화한 곡선(곡률값)과사이즈에 따른 비율, 손잡이, 로고의 위치까지 철저히 계산하고이탈리아 현지 공장에서 완벽히 구현하여 누구도 따라할 수 없는 아름다움을 담습니다.세계적으로 사랑받는 스테디셀러 50’s Retro Style 냉장고는다채로운 컬러와 광택, 부드러운 곡선 디자인으로 컬러 냉장고의 시대를 열었습니다.가전을 넘어 분위기를 재창조하는 하나의 오브제로 인테리어에 포인트가 되고 공간에 활기를 더합니다.11cm 이상의 두꺼운 도어와 친환경 개스킷이 밀착력을 높혀 조용하고 강력하게 냉기를 유지시켜 줍니다.정전된 경우에도 도어를 열지 않으면 *최장 24시간까지 냉기를 유지할 수 있습니다."	/2024/05/12/product_05_24.png	HW07063-21016A	"AC 220v 60Hz, 17.87kWh/월"	2022-10-01	SMEG S.p.A. / (주)제이컬렉션	ITALY	"270L(냉동 26L , 냉장 244L) / 601X728X1530mm"	1년	(주)제이컬렉션/스메그코리아 고객센터 1588-2644	해당사항 없음	판매중	5
FAB28RPG5	FAB28 냉장고 파스텔그린	"3,320,000"	"인간이 느끼는 심미성을 극대화한 곡선(곡률값)과사이즈에 따른 비율, 손잡이, 로고의 위치까지 철저히 계산하고이탈리아 현지 공장에서 완벽히 구현하여 누구도 따라할 수 없는 아름다움을 담습니다.세계적으로 사랑받는 스테디셀러 50’s Retro Style 냉장고는다채로운 컬러와 광택, 부드러운 곡선 디자인으로 컬러 냉장고의 시대를 열었습니다.가전을 넘어 분위기를 재창조하는 하나의 오브제로 인테리어에 포인트가 되고 공간에 활기를 더합니다.11cm 이상의 두꺼운 도어와 친환경 개스킷이 밀착력을 높혀 조용하고 강력하게 냉기를 유지시켜 줍니다.정전된 경우에도 도어를 열지 않으면 *최장 24시간까지 냉기를 유지할 수 있습니다."	/2024/05/12/product_05_25.png	HW07063-21016A	"AC 220v 60Hz, 17.87kWh/월"	2022-10-01	SMEG S.p.A. / (주)제이컬렉션	ITALY	"270L(냉동 26L , 냉장 244L) / 601X728X1530mm"	1년	(주)제이컬렉션/스메그코리아 고객센터 1588-2644	해당사항 없음	판매중	5
FAB28RPB5	FAB28 냉장고 파스텔블루	"3,320,000"	"인간이 느끼는 심미성을 극대화한 곡선(곡률값)과사이즈에 따른 비율, 손잡이, 로고의 위치까지 철저히 계산하고이탈리아 현지 공장에서 완벽히 구현하여 누구도 따라할 수 없는 아름다움을 담습니다.세계적으로 사랑받는 스테디셀러 50’s Retro Style 냉장고는다채로운 컬러와 광택, 부드러운 곡선 디자인으로 컬러 냉장고의 시대를 열었습니다.가전을 넘어 분위기를 재창조하는 하나의 오브제로 인테리어에 포인트가 되고 공간에 활기를 더합니다.11cm 이상의 두꺼운 도어와 친환경 개스킷이 밀착력을 높혀 조용하고 강력하게 냉기를 유지시켜 줍니다.정전된 경우에도 도어를 열지 않으면 *최장 24시간까지 냉기를 유지할 수 있습니다."	/2024/05/12/product_05_26.png	HW07063-21016F	"AC 220v 60Hz, 17.87kWh/월"	2022-12-01	SMEG S.p.A. / (주)제이컬렉션	ITALY	"(가로x세로x높이)601x728x1530mm, 266.1L(냉장240.8L, 냉동25.3L)"	1년	(주)제이컬렉션/스메그코리아 고객센터 1588-2644	해당사항 없음	판매중	5
FAB28RDEG3-6	FAB28 냉장고 에메랄드그린	"4,880,000"	"인간이 느끼는 심미성을 극대화한 곡선(곡률값)과사이즈에 따른 비율, 손잡이, 로고의 위치까지 철저히 계산하고이탈리아 현지 공장에서 완벽히 구현하여 누구도 따라할 수 없는 아름다움을 담습니다.세계적으로 사랑받는 스테디셀러 50’s Retro Style 냉장고는다채로운 컬러와 광택, 부드러운 곡선 디자인으로 컬러 냉장고의 시대를 열었습니다.가전을 넘어 분위기를 재창조하는 하나의 오브제로 인테리어에 포인트가 되고 공간에 활기를 더합니다.11cm 이상의 두꺼운 도어와 친환경 개스킷이 밀착력을 높혀 조용하고 강력하게 냉기를 유지시켜 줍니다.정전된 경우에도 도어를 열지 않으면 *최장 24시간까지 냉기를 유지할 수 있습니다."	/2024/05/12/product_05_27.png	HW07063-19004C	"220v 60Hz, 18.64kWh/월"	2019-03-01	SMEG S.p.A. / (주)제이컬렉션	ITALY	"(가로x세로x높이)601x728x1530mm, 270.1L(냉장244L, 냉동26.1L)"	1년	(주)제이컬렉션/스메그코리아 고객센터 1588-2644	설치 환경에 따라 추가 비용이 발생할 수 있음	판매중	5
FAB28RDMC3-6	FAB28 냉장고 멀티컬러	"4,160,000"	"인간이 느끼는 심미성을 극대화한 곡선(곡률값)과사이즈에 따른 비율, 손잡이, 로고의 위치까지 철저히 계산하고이탈리아 현지 공장에서 완벽히 구현하여 누구도 따라할 수 없는 아름다움을 담습니다.세계적으로 사랑받는 스테디셀러 50’s Retro Style 냉장고는다채로운 컬러와 광택, 부드러운 곡선 디자인으로 컬러 냉장고의 시대를 열었습니다.가전을 넘어 분위기를 재창조하는 하나의 오브제로 인테리어에 포인트가 되고 공간에 활기를 더합니다.11cm 이상의 두꺼운 도어와 친환경 개스킷이 밀착력을 높혀 조용하고 강력하게 냉기를 유지시켜 줍니다.정전된 경우에도 도어를 열지 않으면 *최장 24시간까지 냉기를 유지할 수 있습니다."	/2024/05/12/product_05_28.png	FAB28RDMC3-6	"220v, 60hz, 17.87kwh/월"	2019-03-01	SMEG S.p.A. / (주)제이컬렉션	ITALY	"(가로x세로x높이)601x728x1530mm, 270.1L(냉장244L, 냉동26.1L)"	1년	(주)제이컬렉션/스메그코리아 고객센터 1588-2644	설치 환경에 따라 추가 비용이 발생할 수 있음	판매중	5
FAB28RRD5	FAB28 냉장고 레드	"3,200,000"	"인간이 느끼는 심미성을 극대화한 곡선(곡률값)과사이즈에 따른 비율, 손잡이, 로고의 위치까지 철저히 계산하고이탈리아 현지 공장에서 완벽히 구현하여 누구도 따라할 수 없는 아름다움을 담습니다.세계적으로 사랑받는 스테디셀러 50’s Retro Style 냉장고는다채로운 컬러와 광택, 부드러운 곡선 디자인으로 컬러 냉장고의 시대를 열었습니다.가전을 넘어 분위기를 재창조하는 하나의 오브제로 인테리어에 포인트가 되고 공간에 활기를 더합니다.11cm 이상의 두꺼운 도어와 친환경 개스킷이 밀착력을 높혀 조용하고 강력하게 냉기를 유지시켜 줍니다.정전된 경우에도 도어를 열지 않으면 *최장 24시간까지 냉기를 유지할 수 있습니다."	/2024/05/12/product_05_29.png	HW07063-21016F	"220v, 60hz, 17.87kwh/월"	2022-12-01	SMEG S.p.A. / (주)제이컬렉션	ITALY	"(가로x세로x높이)601x728x1530mm, 266.1L(냉장240.8L, 냉동25.3L)"	1년	(주)제이컬렉션/스메그코리아 고객센터 1588-2644	설치 환경에 따라 추가 비용이 발생할 수 있음	판매중	5
FAB28RBL5	FAB28 냉장고 블랙	"3,200,000"	"인간이 느끼는 심미성을 극대화한 곡선(곡률값)과사이즈에 따른 비율, 손잡이, 로고의 위치까지 철저히 계산하고이탈리아 현지 공장에서 완벽히 구현하여 누구도 따라할 수 없는 아름다움을 담습니다.세계적으로 사랑받는 스테디셀러 50’s Retro Style 냉장고는다채로운 컬러와 광택, 부드러운 곡선 디자인으로 컬러 냉장고의 시대를 열었습니다.가전을 넘어 분위기를 재창조하는 하나의 오브제로 인테리어에 포인트가 되고 공간에 활기를 더합니다.11cm 이상의 두꺼운 도어와 친환경 개스킷이 밀착력을 높혀 조용하고 강력하게 냉기를 유지시켜 줍니다.정전된 경우에도 도어를 열지 않으면 *최장 24시간까지 냉기를 유지할 수 있습니다."	/2024/05/12/product_05_30.png	HW07063-21016F	"AC 220v 60Hz, 17.87kWh/월"	2022-12-01	SMEG S.p.A. / (주)제이컬렉션	ITALY	"(가로x세로x높이)601x728x1530mm, 266.1L(냉장240.8L, 냉동25.3L)"	1년	(주)제이컬렉션/스메그코리아 고객센터 1588-2644	설치 환경에 따라 추가 비용이 발생할 수 있음	판매중	5
FAB28RDTP5	FAB28 냉장고 토프	"5,200,000"	"다채로운 컬러와 광택, 부드러운 곡선 디자인으로 대표되는 50’S Retro Style은 1950년대 복고풍 감성을 자아냅니다.분위기를 재창조하는 아이콘으로 인테리어에 포인트가 되고 공간에 활기를 더합니다.스메그 레트로 냉장고는 내구성, 안전성, 유연성, 매력 등 주방가전에 요구되는 본질을 끊임없이 고민한 결과물입니다.또한, 친환경 정책을 바탕으로 친환경 소재를 사용하고, 에너지 소비를 최소화하면서 더 나은 성능을 보여주는 제품을 위해 끊임없이 연구합니다.두껍고 밀착력이 좋은 냉장고 도어는 냉기 보존 능력이 우수하여정전 시에도 도어를 열지 않으면 최장 24시간까지 냉기를 유지할 수 있습니다."	/2024/05/12/product_05_31.png	HW07063-21016A	"AC 220v 60Hz, 17.87kWh/월"	2022-10-01	SMEG S.p.A. / (주)제이컬렉션	ITALY	"270L(냉동 26L , 냉장 244L) / 601X728X1530mm"	1년	(주)제이컬렉션/스메그코리아 고객센터 1588-2644	해당사항 없음	판매중	5
FAB28RDIT5	FAB28 냉장고 이태리	"5,700,000"	"인간이 느끼는 심미성을 극대화한 곡선(곡률값)과사이즈에 따른 비율, 손잡이, 로고의 위치까지 철저히 계산하고이탈리아 현지 공장에서 완벽히 구현하여 누구도 따라할 수 없는 아름다움을 담습니다.세계적으로 사랑받는 스테디셀러 50’s Retro Style 냉장고는다채로운 컬러와 광택, 부드러운 곡선 디자인으로 컬러 냉장고의 시대를 열었습니다.가전을 넘어 분위기를 재창조하는 하나의 오브제로 인테리어에 포인트가 되고 공간에 활기를 더합니다.11cm 이상의 두꺼운 도어와 친환경 개스킷이 밀착력을 높혀 조용하고 강력하게 냉기를 유지시켜 줍니다.정전된 경우에도 도어를 열지 않으면 *최장 24시간까지 냉기를 유지할 수 있습니다."	/2024/05/12/product_05_32.png	HW07063-21016F	"AC 220v 60Hz, 17.87kWh/월"	2022-12-01	SMEG S.p.A. / (주)제이컬렉션	ITALY	"(가로x세로x높이)601x728x1530mm, 266.1L(냉장240.8L, 냉동25.3L)"	1년	(주)제이컬렉션/스메그코리아 고객센터 1588-2644	설치 환경에 따라 추가 비용이 발생할 수 있음	판매중	5
FAB28RDBLV5	"FAB28 냉장고 블랙벨벳"	"5,400,000"	"인간이 느끼는 심미성을 극대화한 곡선(곡률값)과사이즈에 따른 비율, 손잡이, 로고의 위치까지 철저히 계산하고이탈리아 현지 공장에서 완벽히 구현하여 누구도 따라할 수 없는 아름다움을 담습니다.세계적으로 사랑받는 스테디셀러 50’s Retro Style 냉장고는다채로운 컬러와 광택, 부드러운 곡선 디자인으로 컬러 냉장고의 시대를 열었습니다.가전을 넘어 분위기를 재창조하는 하나의 오브제로 인테리어에 포인트가 되고 공간에 활기를 더합니다.11cm 이상의 두꺼운 도어와 친환경 개스킷이 밀착력을 높혀 조용하고 강력하게 냉기를 유지시켜 줍니다.정전된 경우에도 도어를 열지 않으면 *최장 24시간까지 냉기를 유지할 수 있습니다."	/2024/05/12/product_05_33.png	HW07063-21016A	"220v, 60hz, 17.87kwh/월"	2022-12-02	SMEG S.p.A. / (주)제이컬렉션	ITALY	"(가로x세로x높이)601x728x1530mm, 266.1L(냉장240.8L, 냉동25.3L)"	1년	"(주)제이컬렉션/스메그코리아 고객센터 1588-2644"	설치 환경에 따라 추가 비용이 발생할 수 있음	판매중	5
FAB28RDRB5	FAB28 냉장고 루비레드	"6,100,000"	"인간이 느끼는 심미성을 극대화한 곡선(곡률값)과사이즈에 따른 비율, 손잡이, 로고의 위치까지 철저히 계산하고이탈리아 현지 공장에서 완벽히 구현하여 누구도 따라할 수 없는 아름다움을 담습니다.세계적으로 사랑받는 스테디셀러 50’s Retro Style 냉장고는다채로운 컬러와 광택, 부드러운 곡선 디자인으로 컬러 냉장고의 시대를 열었습니다.가전을 넘어 분위기를 재창조하는 하나의 오브제로 인테리어에 포인트가 되고 공간에 활기를 더합니다.11cm 이상의 두꺼운 도어와 친환경 개스킷이 밀착력을 높혀 조용하고 강력하게 냉기를 유지시켜 줍니다.정전된 경우에도 도어를 열지 않으면 *최장 24시간까지 냉기를 유지할 수 있습니다."	/2024/05/12/product_05_34.png	HW07063-21016A	"AC 220v 60Hz, 17.87kWh/월"	2022-10-01	SMEG S.p.A. / (주)제이컬렉션	ITALY	"270L(냉동 26L , 냉장 244L) / 601X728X1530mm"	1년	(주)제이컬렉션/스메그코리아 고객센터 1588-2644	해당사항 없음	판매중	5
FAB30RRD5	FAB30 냉장고 레드	"5,300,000"	"인간이 느끼는 심미성을 극대화한 곡선(곡률값)과사이즈에 따른 비율, 손잡이, 로고의 위치까지 철저히 계산하고이탈리아 현지 공장에서 완벽히 구현하여 누구도 따라할 수 없는 아름다움을 담습니다.세계적으로 사랑받는 스테디셀러 50’s Retro Style 냉장고는다채로운 컬러와 광택, 부드러운 곡선 디자인으로 컬러 냉장고의 시대를 열었습니다.가전을 넘어 분위기를 재창조하는 하나의 오브제로 인테리어에 포인트가 되고 공간에 활기를 더합니다.11cm 이상의 두꺼운 도어와 친환경 개스킷이 밀착력을 높혀 조용하고 강력하게 냉기를 유지시켜 줍니다.정전된 경우에도 도어를 열지 않으면 *최장 24시간까지 냉기를 유지할 수 있습니다."	/2024/05/12/product_05_35.png	HW07063-2011A	"220-240V 50-60Hz, 22.98kWh/월"	2022-04-01	SMEG S.p.A. / (주)제이컬렉션	ITALY	"283L (냉장 210.2L, 냉동 72.8L), 601x728x1720mm(WxDxH)"	1년	"(주)제이컬렉션/스메그코리아 고객센터 1588-2644"	해당사항 없음	판매중	5
FAB30RWH5	FAB30 냉장고 화이트	"5,300,000"	"인간이 느끼는 심미성을 극대화한 곡선(곡률값)과사이즈에 따른 비율, 손잡이, 로고의 위치까지 철저히 계산하고이탈리아 현지 공장에서 완벽히 구현하여 누구도 따라할 수 없는 아름다움을 담습니다.세계적으로 사랑받는 스테디셀러 50’s Retro Style 냉장고는다채로운 컬러와 광택, 부드러운 곡선 디자인으로 컬러 냉장고의 시대를 열었습니다.가전을 넘어 분위기를 재창조하는 하나의 오브제로 인테리어에 포인트가 되고 공간에 활기를 더합니다.11cm 이상의 두꺼운 도어와 친환경 개스킷이 밀착력을 높혀 조용하고 강력하게 냉기를 유지시켜 줍니다.정전된 경우에도 도어를 열지 않으면 *최장 24시간까지 냉기를 유지할 수 있습니다."	/2024/05/12/product_05_36.png	HW07063-20011C	"220v, 60Hz, 22.98(kwh/월)"	2022-04-01	SMEG S.p.A. / (주)제이컬렉션	ITALY	"(가로x세로x높이)600x728x1720mm, 283L(냉장210.2L, 냉동 72.8L)"	1년	(주)제이컬렉션/스메그코리아 고객센터 1588-2644	설치 환경에 따라 추가 비용이 발생할 수 있음	판매중	5
FAB30RBE5	FAB30 냉장고 블루	"5,300,000"	"인간이 느끼는 심미성을 극대화한 곡선(곡률값)과사이즈에 따른 비율, 손잡이, 로고의 위치까지 철저히 계산하고이탈리아 현지 공장에서 완벽히 구현하여 누구도 따라할 수 없는 아름다움을 담습니다.세계적으로 사랑받는 스테디셀러 50’s Retro Style 냉장고는다채로운 컬러와 광택, 부드러운 곡선 디자인으로 컬러 냉장고의 시대를 열었습니다.가전을 넘어 분위기를 재창조하는 하나의 오브제로 인테리어에 포인트가 되고 공간에 활기를 더합니다.11cm 이상의 두꺼운 도어와 친환경 개스킷이 밀착력을 높혀 조용하고 강력하게 냉기를 유지시켜 줍니다.정전된 경우에도 도어를 열지 않으면 *최장 24시간까지 냉기를 유지할 수 있습니다."	/2024/05/12/product_05_37.png	HW07063-20011C	"220v, 60Hz, 22.98(kwh/월)"	2022-04-01	SMEG S.p.A. / (주)제이컬렉션	ITALY	"(가로x세로x높이)600x728x1720mm, 283L(냉장210.2L, 냉동 72.8L)"	1년	(주)제이컬렉션/스메그코리아 고객센터 1588-2644	설치 환경에 따라 추가 비용이 발생할 수 있음	판매중	5
FAB5RWH5	FAB5 냉장고 화이트	"2,080,000"	"세계적으로 사랑받는 스테디셀러 50’s Retro Style 냉장고는다채로운 컬러와 광택, 부드러운 곡선 디자인으로 컬러 냉장고의 시대를 열었습니다.가전을 넘어 분위기를 재창조하는 하나의 오브제로 인테리어에 포인트가 되고 공간에 활기를 더합니다11cm 이상의 두꺼운 도어와 친환경 개스킷이 밀착력을 높혀 조용하고 강력하게 냉기를 유지시켜 줍니다.정전된 경우에도 도어를 열지 않으면 *최장 24시간까지 냉기를 유지할 수 있습니다.스메그만의 구조 설계로 에너지 소비 절감 효과가 뛰어납니다.지인과 함께하는 다이닝 바, 나만의 비즈니스를 위한 서재,가족과 함께 하는 엔터테인먼트룸 등 당신의 특별한 알파룸 공간을 완성합니다."	/2024/05/12/product_05_38.png	HW07085-20003C	"220v, 50/60hz, 278kw/년"	2022-02-01	Bonferraro S.P.A. / (주)제이컬렉션	ITALY	"(가로x세로x높이)404x500x734mm, 34L (냉장전용)"	1년	(주)제이컬렉션/스메그코리아 고객센터 1588-2644	설치 환경에 따라 추가 비용이 발생할 수 있음	판매중	5
FAB10RRD5	FAB10 냉장고 레드	"3,050,000"	"인간이 느끼는 심미성을 극대화한 곡선(곡률값)과사이즈에 따른 비율, 손잡이, 로고의 위치까지 철저히 계산하고이탈리아 현지 공장에서 완벽히 구현하여 누구도 따라할 수 없는 아름다움을 담습니다.세계적으로 사랑받는 스테디셀러 50’s Retro Style 냉장고는다채로운 컬러와 광택, 부드러운 곡선 디자인으로 컬러 냉장고의 시대를 열었습니다.가전을 넘어 분위기를 재창조하는 하나의 오브제로 인테리어에 포인트가 되고 공간에 활기를 더합니다.11cm 이상의 두꺼운 도어와 친환경 개스킷이 밀착력을 높혀 조용하고 강력하게 냉기를 유지시켜 줍니다.정전된 경우에도 도어를 열지 않으면 *최장 24시간까지 냉기를 유지할 수 있습니다."	/2024/05/12/product_05_39.png	HW07085-22004A	"220v, 60hz/ 19.25(kwh/월)"	2022-02-01	Bonferraro S.P.A. / (주)제이컬렉션	ITALY	"(가로x세로x높이)45x659x970mm, 116.7L(냉장100.4L, 냉동 16.3L)"	1년	(주)제이컬렉션/스메그코리아 고객센터 1588-2644	설치 환경에 따라 추가 비용이 발생할 수 있음	품절	5
FAB10RPK5	FAB10 냉장고 핑크	"3,150,000"	"인간이 느끼는 심미성을 극대화한 곡선(곡률값)과사이즈에 따른 비율, 손잡이, 로고의 위치까지 철저히 계산하고이탈리아 현지 공장에서 완벽히 구현하여 누구도 따라할 수 없는 아름다움을 담습니다.세계적으로 사랑받는 스테디셀러 50’s Retro Style 냉장고는다채로운 컬러와 광택, 부드러운 곡선 디자인으로 컬러 냉장고의 시대를 열었습니다.가전을 넘어 분위기를 재창조하는 하나의 오브제로 인테리어에 포인트가 되고 공간에 활기를 더합니다.11cm 이상의 두꺼운 도어와 친환경 개스킷이 밀착력을 높혀 조용하고 강력하게 냉기를 유지시켜 줍니다.정전된 경우에도 도어를 열지 않으면 *최장 24시간까지 냉기를 유지할 수 있습니다."	/2024/05/12/product_05_40.png	 HW07085-22004A	"220v, 60hz/ 19.25(kwh/월)"	2022-02-01	Bonferraro S.P.A. / (주)제이컬렉션	ITALY	"(가로x세로x높이)45x659x970mm, 116.7L(냉장100.4L, 냉동 16.3L)"	1년	(주)제이컬렉션/스메그코리아 고객센터 1588-2644	설치 환경에 따라 추가 비용이 발생할 수 있음	품절	5
FAB30RCR5	FAB30 냉장고 크림	"5,500,000"	"인간이 느끼는 심미성을 극대화한 곡선(곡률값)과사이즈에 따른 비율, 손잡이, 로고의 위치까지 철저히 계산하고이탈리아 현지 공장에서 완벽히 구현하여 누구도 따라할 수 없는 아름다움을 담습니다.세계적으로 사랑받는 스테디셀러 50’s Retro Style 냉장고는다채로운 컬러와 광택, 부드러운 곡선 디자인으로 컬러 냉장고의 시대를 열었습니다.가전을 넘어 분위기를 재창조하는 하나의 오브제로 인테리어에 포인트가 되고 공간에 활기를 더합니다.11cm 이상의 두꺼운 도어와 친환경 개스킷이 밀착력을 높혀 조용하고 강력하게 냉기를 유지시켜 줍니다.정전된 경우에도 도어를 열지 않으면 *최장 24시간까지 냉기를 유지할 수 있습니다."	/2024/05/12/product_05_41.png	HW07063-20011C	"220v, 60Hz, 22.98(kwh/월)"	2022-04-01	Bonferraro S.P.A. / (주)제이컬렉션	ITALY	"(가로x세로x높이)600x728x1720mm, 283L(냉장210.2L, 냉동 72.8L)"	1년	(주)제이컬렉션/스메그코리아 고객센터 1588-2644	설치 환경에 따라 추가 비용이 발생할 수 있음	품절	5
FAB10RBL5	FAB10 냉장고 블랙	"3,050,000"	"인간이 느끼는 심미성을 극대화한 곡선(곡률값)과사이즈에 따른 비율, 손잡이, 로고의 위치까지 철저히 계산하고이탈리아 현지 공장에서 완벽히 구현하여 누구도 따라할 수 없는 아름다움을 담습니다.세계적으로 사랑받는 스테디셀러 50’s Retro Style 냉장고는다채로운 컬러와 광택, 부드러운 곡선 디자인으로 컬러 냉장고의 시대를 열었습니다.가전을 넘어 분위기를 재창조하는 하나의 오브제로 인테리어에 포인트가 되고 공간에 활기를 더합니다.11cm 이상의 두꺼운 도어와 친환경 개스킷이 밀착력을 높혀 조용하고 강력하게 냉기를 유지시켜 줍니다.정전된 경우에도 도어를 열지 않으면 *최장 24시간까지 냉기를 유지할 수 있습니다."	/2024/05/12/product_05_42.png	HW07085-22004A	"220v, 60hz/ 19.25(kwh/월)"	2022-02-01	Bonferraro S.P.A. / (주)제이컬렉션	ITALY	"(가로x세로x높이)545x659x970mm, 116.7L(냉장100.4L, 냉동 16.3L)"	1년	(주)제이컬렉션/스메그코리아 고객센터 1588-2644	설치 환경에 따라 추가 비용이 발생할 수 있음	품절	5
FAB28RLI5	FAB28 냉장고 라임	"4,150,000"	"인간이 느끼는 심미성을 극대화한 곡선(곡률값)과사이즈에 따른 비율, 손잡이, 로고의 위치까지 철저히 계산하고이탈리아 현지 공장에서 완벽히 구현하여 누구도 따라할 수 없는 아름다움을 담습니다.세계적으로 사랑받는 스테디셀러 50’s Retro Style 냉장고는다채로운 컬러와 광택, 부드러운 곡선 디자인으로 컬러 냉장고의 시대를 열었습니다.가전을 넘어 분위기를 재창조하는 하나의 오브제로 인테리어에 포인트가 되고 공간에 활기를 더합니다.11cm 이상의 두꺼운 도어와 친환경 개스킷이 밀착력을 높혀 조용하고 강력하게 냉기를 유지시켜 줍니다.정전된 경우에도 도어를 열지 않으면 *최장 24시간까지 냉기를 유지할 수 있습니다."	/2024/05/12/product_05_43.png	HW07063-21016A	"AC 220v 60Hz, 17.87kWh/월"	2022-10-01	SMEG S.p.A. / (주)제이컬렉션	ITALY	"270L(냉동 26L , 냉장 244L) / 601X728X1530mm"	1년	(주)제이컬렉션/스메그코리아 고객센터 1588-2644	해당사항 없음	판매중	5
FAB30RSV5	FAB30 냉장고 실버	"5,500,000"	"인간이 느끼는 심미성을 극대화한 곡선(곡률값)과사이즈에 따른 비율, 손잡이, 로고의 위치까지 철저히 계산하고이탈리아 현지 공장에서 완벽히 구현하여 누구도 따라할 수 없는 아름다움을 담습니다.세계적으로 사랑받는 스테디셀러 50’s Retro Style 냉장고는다채로운 컬러와 광택, 부드러운 곡선 디자인으로 컬러 냉장고의 시대를 열었습니다.가전을 넘어 분위기를 재창조하는 하나의 오브제로 인테리어에 포인트가 되고 공간에 활기를 더합니다.11cm 이상의 두꺼운 도어와 친환경 개스킷이 밀착력을 높혀 조용하고 강력하게 냉기를 유지시켜 줍니다.정전된 경우에도 도어를 열지 않으면 *최장 24시간까지 냉기를 유지할 수 있습니다."	/2024/05/12/product_05_44.png	HW07063-20011C	"220v, 60Hz, 22.98(kwh/월)"	2022-04-01	SMEG S.p.A. / (주)제이컬렉션	ITALY	"(가로x세로x높이)600x728x1720mm, 283L(냉장210.2L, 냉동 72.8L)"	1년	(주)제이컬렉션/스메그코리아 고객센터 1588-2644	설치 환경에 따라 추가 비용이 발생할 수 있음	판매중	5
"FAB30RPK5"	FAB30 냉장고 핑크	"5,500,000"	"인간이 느끼는 심미성을 극대화한 곡선(곡률값)과사이즈에 따른 비율, 손잡이, 로고의 위치까지 철저히 계산하고이탈리아 현지 공장에서 완벽히 구현하여 누구도 따라할 수 없는 아름다움을 담습니다.세계적으로 사랑받는 스테디셀러 50’s Retro Style 냉장고는다채로운 컬러와 광택, 부드러운 곡선 디자인으로 컬러 냉장고의 시대를 열었습니다.가전을 넘어 분위기를 재창조하는 하나의 오브제로 인테리어에 포인트가 되고 공간에 활기를 더합니다.11cm 이상의 두꺼운 도어와 친환경 개스킷이 밀착력을 높혀 조용하고 강력하게 냉기를 유지시켜 줍니다.정전된 경우에도 도어를 열지 않으면 *최장 24시간까지 냉기를 유지할 수 있습니다."	/2024/05/12/product_05_45.png	HW07063-20011C	"220-240V 60Hz, 22.98kWh/월"	2022-04-02	SMEG S.p.A. / (주)제이컬렉션	ITALY	"(가로x세로x높이)600x728x1720mm, 283L(냉장210.2L, 냉동 72.8L)"	1년	(주)제이컬렉션/스메그코리아 고객센터 1588-2644	설치 환경에 따라 추가 비용이 발생할 수 있음	판매중	5
FAB30RBL5	FAB30 냉장고 블랙	"5,300,000"	"인간이 느끼는 심미성을 극대화한 곡선(곡률값)과사이즈에 따른 비율, 손잡이, 로고의 위치까지 철저히 계산하고이탈리아 현지 공장에서 완벽히 구현하여 누구도 따라할 수 없는 아름다움을 담습니다.세계적으로 사랑받는 스테디셀러 50’s Retro Style 냉장고는다채로운 컬러와 광택, 부드러운 곡선 디자인으로 컬러 냉장고의 시대를 열었습니다.가전을 넘어 분위기를 재창조하는 하나의 오브제로 인테리어에 포인트가 되고 공간에 활기를 더합니다.11cm 이상의 두꺼운 도어와 친환경 개스킷이 밀착력을 높혀 조용하고 강력하게 냉기를 유지시켜 줍니다.정전된 경우에도 도어를 열지 않으면 *최장 24시간까지 냉기를 유지할 수 있습니다."	/2024/05/12/product_05_46.png	HW07063-20011C	"220v, 60Hz, 22.98(kwh/월)"	2022-04-01	SMEG S.p.A. / (주)제이컬렉션	ITALY	"(가로x세로x높이)600x728x1720mm, 283L(냉장210.2L, 냉동 72.8L)"	1년	(주)제이컬렉션/스메그코리아 고객센터 1588-2644	설치 환경에 따라 추가 비용이 발생할 수 있음	판매중	5
FAB30RLI5	FAB30 냉장고 라임그린	"5,500,000"	"인간이 느끼는 심미성을 극대화한 곡선(곡률값)과사이즈에 따른 비율, 손잡이, 로고의 위치까지 철저히 계산하고이탈리아 현지 공장에서 완벽히 구현하여 누구도 따라할 수 없는 아름다움을 담습니다.세계적으로 사랑받는 스테디셀러 50’s Retro Style 냉장고는다채로운 컬러와 광택, 부드러운 곡선 디자인으로 컬러 냉장고의 시대를 열었습니다.가전을 넘어 분위기를 재창조하는 하나의 오브제로 인테리어에 포인트가 되고 공간에 활기를 더합니다.11cm 이상의 두꺼운 도어와 친환경 개스킷이 밀착력을 높혀 조용하고 강력하게 냉기를 유지시켜 줍니다.정전된 경우에도 도어를 열지 않으면 *최장 24시간까지 냉기를 유지할 수 있습니다."	/2024/05/12/product_05_47.png	HW07063-20011C	"220v, 60Hz, 22.98(kwh/월)"	2022-04-01	SMEG S.p.A. / (주)제이컬렉션	ITALY	"(가로x세로x높이)600x728x1720mm, 283L(냉장210.2L, 냉동 72.8L)"	1년	(주)제이컬렉션/스메그코리아 고객센터 1588-2644	설치 환경에 따라 추가 비용이 발생할 수 있음	품절	5
FAB28RWH5	FAB28 냉장고 화이트	"4,000,000"	"인간이 느끼는 심미성을 극대화한 곡선(곡률값)과사이즈에 따른 비율, 손잡이, 로고의 위치까지 철저히 계산하고이탈리아 현지 공장에서 완벽히 구현하여 누구도 따라할 수 없는 아름다움을 담습니다.세계적으로 사랑받는 스테디셀러 50’s Retro Style 냉장고는다채로운 컬러와 광택, 부드러운 곡선 디자인으로 컬러 냉장고의 시대를 열었습니다.가전을 넘어 분위기를 재창조하는 하나의 오브제로 인테리어에 포인트가 되고 공간에 활기를 더합니다.11cm 이상의 두꺼운 도어와 친환경 개스킷이 밀착력을 높혀 조용하고 강력하게 냉기를 유지시켜 줍니다.정전된 경우에도 도어를 열지 않으면 *최장 24시간까지 냉기를 유지할 수 있습니다."	/2024/05/12/product_05_48.png	HW07063-21016A	"AC 220v 60Hz, 17.87kWh/월"	2022-10-01	SMEG S.p.A. / (주)제이컬렉션	ITALY	"270L(냉동 26L , 냉장 244L) / 601X728X1530mm"	1년	(주)제이컬렉션/스메그코리아 고객센터 1588-2644	해당사항 없음	품절	5
FAB5RBL5	FAB5 냉장고 블랙	"2,080,000"	"인간이 느끼는 심미성을 극대화한 곡선(곡률값)과사이즈에 따른 비율, 손잡이, 로고의 위치까지 철저히 계산하고이탈리아 현지 공장에서 완벽히 구현하여 누구도 따라할 수 없는 아름다움을 담습니다.세계적으로 사랑받는 스테디셀러 50’s Retro Style 냉장고는다채로운 컬러와 광택, 부드러운 곡선 디자인으로 컬러 냉장고의 시대를 열었습니다.가전을 넘어 분위기를 재창조하는 하나의 오브제로 인테리어에 포인트가 되고 공간에 활기를 더합니다.11cm 이상의 두꺼운 도어와 친환경 개스킷이 밀착력을 높혀 조용하고 강력하게 냉기를 유지시켜 줍니다.정전된 경우에도 도어를 열지 않으면 *최장 24시간까지 냉기를 유지할 수 있습니다."	/2024/05/12/product_05_49.png	HW07085-20003C	"220v, 50/60hz, 278kw/년"	2022-02-01	Bonferraro S.P.A. / (주)제이컬렉션	ITALY	"(가로x세로x높이)404x500x734mm, 34L (냉장전용)"	1년	(주)제이컬렉션/스메그코리아 고객센터 1588-2644	설치 환경에 따라 추가 비용이 발생할 수 있음	판매중	5
FAB10ROR5	FAB10 냉장고 오렌지	"3,050,000"	"인간이 느끼는 심미성을 극대화한 곡선(곡률값)과사이즈에 따른 비율, 손잡이, 로고의 위치까지 철저히 계산하고이탈리아 현지 공장에서 완벽히 구현하여 누구도 따라할 수 없는 아름다움을 담습니다.세계적으로 사랑받는 스테디셀러 50’s Retro Style 냉장고는다채로운 컬러와 광택, 부드러운 곡선 디자인으로 컬러 냉장고의 시대를 열었습니다.가전을 넘어 분위기를 재창조하는 하나의 오브제로 인테리어에 포인트가 되고 공간에 활기를 더합니다.11cm 이상의 두꺼운 도어와 친환경 개스킷이 밀착력을 높혀 조용하고 강력하게 냉기를 유지시켜 줍니다.정전된 경우에도 도어를 열지 않으면 *최장 24시간까지 냉기를 유지할 수 있습니다."	/2024/05/12/product_05_50.png	유 / HW07085-22004A	"220v, 60hz/ 19.25(kwh/월)"	2022-02-01	Bonferraro S.P.A. / (주)제이컬렉션	ITALY	"(가로x세로x높이)545x659x970mm, 116.7L(냉장100.4L, 냉동 16.3L)"	1년	(주)제이컬렉션/스메그코리아 고객센터 1588-2644	설치 환경에 따라 추가 비용이 발생할 수 있음	품절	5
FAB10RPG5	FAB10 냉장고 파스텔그린	"3,150,000"	"인간이 느끼는 심미성을 극대화한 곡선(곡률값)과사이즈에 따른 비율, 손잡이, 로고의 위치까지 철저히 계산하고이탈리아 현지 공장에서 완벽히 구현하여 누구도 따라할 수 없는 아름다움을 담습니다.세계적으로 사랑받는 스테디셀러 50’s Retro Style 냉장고는다채로운 컬러와 광택, 부드러운 곡선 디자인으로 컬러 냉장고의 시대를 열었습니다.가전을 넘어 분위기를 재창조하는 하나의 오브제로 인테리어에 포인트가 되고 공간에 활기를 더합니다.11cm 이상의 두꺼운 도어와 친환경 개스킷이 밀착력을 높혀 조용하고 강력하게 냉기를 유지시켜 줍니다.정전된 경우에도 도어를 열지 않으면 *최장 24시간까지 냉기를 유지할 수 있습니다."	/2024/05/12/product_05_51.png	유 / HW07085-22004A	"220v, 60hz/ 19.25(kwh/월)"	2022-02-01	Bonferraro S.P.A. / (주)제이컬렉션	ITALY	"(가로x세로x높이)545x659x970mm, 116.7L(냉장100.4L, 냉동 16.3L)"	1년	(주)제이컬렉션/스메그코리아 고객센터 1588-2644	설치 환경에 따라 추가 비용이 발생할 수 있음	품절	5
FAB28RDUJ5	FAB28 냉장고 유니언잭	"4,160,000"	"인간이 느끼는 심미성을 극대화한 곡선(곡률값)과사이즈에 따른 비율, 손잡이, 로고의 위치까지 철저히 계산하고이탈리아 현지 공장에서 완벽히 구현하여 누구도 따라할 수 없는 아름다움을 담습니다.세계적으로 사랑받는 스테디셀러 50’s Retro Style 냉장고는다채로운 컬러와 광택, 부드러운 곡선 디자인으로 컬러 냉장고의 시대를 열었습니다.가전을 넘어 분위기를 재창조하는 하나의 오브제로 인테리어에 포인트가 되고 공간에 활기를 더합니다.11cm 이상의 두꺼운 도어와 친환경 개스킷이 밀착력을 높혀 조용하고 강력하게 냉기를 유지시켜 줍니다.정전된 경우에도 도어를 열지 않으면 *최장 24시간까지 냉기를 유지할 수 있습니다."	/2024/05/12/product_05_52.png	HW07063-21016F	"220v, 60hz, 17.87kwh/월"	2022-12-01	SMEG S.p.A. / (주)제이컬렉션	ITALY	"(가로x세로x높이)601x728x1530mm, 266.1L(냉장240.8L, 냉동25.3L)"	1년	(주)제이컬렉션/스메그코리아 고객센터 1588-2644	설치 환경에 따라 추가 비용이 발생할 수 있음	판매중	5
SCV115A	클래식 와인셀러	"3,920,000"	"60cm폭의 슬림한 바디, 유리와 스테인리스 스틸 소재의 조합으로 세련된 디자인이 특징입니다.스메그만의 디자인이 반영되어 우아하고 클래식한 디자인으로 완성되었으며,스테인리스 스틸 소재로 둥글게 처리된 손잡이가 제품에 고급스러움을 더해줍니다.가정에서는 물론, 전문 와인바, 레스토랑 어느 공간에서도 잘 어우러집니다."	/2024/05/12/product_06_01.png	HW07019-22007A	"220v, 60Hz, 181kWh/a"	2022-04-01	A/S Vestfrost / (주)제이컬렉션	덴마크	"(가로x세로x높이)600x600x1850mm, 프리스탠딩/빌트인 겸용"	1년	(주)제이컬렉션/스메그코리아 고객센터 1588-2644	설치 환경에 따라 추가 비용이 발생할 수 있음	판매중	6
LSP6222SK	유니버설 식기세척기	"1,990,000"	"군더더기 없이 깔끔한 디자인으로 미니멀리즘의 정수를 보여주는 유니버설 스타일스메그 유니버설 식기세척기는 부가적인 요소를 최소화하고 미니멀한 디자인으로 심플한 주방을 연출합니다.어떤 스타일의 주방에서도 자연스럽게 스며드는 유니버설 식기세척기를 만나보세요."	/2024/05/12/product_07_01.png	XW070061-22006A	"AC 220v 60Hz, 0.910 KWh(회당 전기사용량)"	2022-11-01	Bonferraro S.p.A. / (주)제이컬렉션	ITALY	"13인용(12L), 598X570X818mm"	1년	(주)제이컬렉션/스메그코리아 고객센터 1588-2644	설치 환경에 따라 추가 비용이 발생할 수 있음	판매중	7
BLV2AZK	레트로 식기세척기 파스텔블루	"2,380,000"	"다채로운 컬러와 광택, 부드러운 곡선 디자인으로 대표되는 50’S Retro Style은 1950년대 복고풍 감성을 자아냅니다.분위기를 재창조하는 아이콘으로 인테리어에 포인트가 되고 공간에 활기를 더합니다.스메그 레트로 식기세척기는 오랜 기술력을 바탕으로 특허받은 궤도분사 등 세계적으로 제품력을 인정받고 있습니다.세계 최초로 넓이 60cm규격의 14인용 식기세척기를 개발했고,이후 최소의 물, 에너지, 세제를 사용하여 최상의 세척 효과를 낼 수 있는 친환경 제품으로 발전시켜 왔습니다."	/2024/05/12/product_07_02.png	SW07590-13001	"220v 60Hz, 230kw/년"	2015-07-01	Bonferraro S.p.A. / (주)제이컬렉션	ITALY	상품 상세페이지 참고	1년	(주)제이컬렉션/스메그코리아 고객센터 1588-2644	설치 환경에 따라 추가 비용이 발생할 수 있음	판매중	7
ST2FABCRK2	레트로 식기세척기2 크림	"3,450,000"	"다채로운 컬러와 광택, 부드러운 곡선 디자인으로 대표되는 50’S Retro Style은 1950년대 복고풍 감성을 자아냅니다.분위기를 재창조하는 아이콘으로 인테리어에 포인트가 되고 공간에 활기를 더합니다.스메그의 식기세척기는 약 50년 넘게 축적된 기술력을 바탕으로 전세계 많은 국가에서 인정 받고 있는 제품입니다.최고급 소재와 오랜 시간에 걸친 기술 노하우가 높은 성능을 보장하면서 스타일리시한 디자인이 공간과 라이프스타일의 질을 높여 줍니다"	/2024/05/12/product_07_03.png	XW070061-22005B	"AC 220v 60Hz, 1.8KW"	2022-11-01	Bonferraro S.p.A. / (주)제이컬렉션	ITALY	상품 상세페이지 참고	1년	(주)제이컬렉션/스메그코리아 고객센터 1588-2644	설치 환경에 따라 추가 비용이 발생할 수 있음	판매중	7
ST2FABBLK2	레트로 식기세척기2 블랙	"3,450,000"	"다채로운 컬러와 광택, 부드러운 곡선 디자인으로 대표되는 50’S Retro Style은 1950년대 복고풍 감성을 자아냅니다.분위기를 재창조하는 아이콘으로 인테리어에 포인트가 되고 공간에 활기를 더합니다.스메그의 식기세척기는 약 50년 넘게 축적된 기술력을 바탕으로 전세계 많은 국가에서 인정 받고 있는 제품입니다.최고급 소재와 오랜 시간에 걸친 기술 노하우가 높은 성능을 보장하면서 스타일리시한 디자인이 공간과 라이프스타일의 질을 높여 줍니다"	/2024/05/12/product_07_04.png	XW070061-22005B	"AC 220v 60Hz, 1.8KW"	2022-11-01	Bonferraro S.p.A. / (주)제이컬렉션	ITALY	상품 상세페이지 참고	1년	(주)제이컬렉션/스메그코리아 고객센터 1588-2644	설치 환경에 따라 추가 비용이 발생할 수 있음	품절	7
SO6302TX	클래식 오븐	"2,300,000"	세계적인 건축가 구이도 카날리(Guido Canali)와의 협업으로 탄생한 스메그 클래식 라인은 스틸 소재를 활용한 세련된 디자인이 특징입니다.스틸 소재와 블랙 글라스로 완성된 오븐 전면은 어떤 주방 가구와도 잘 어우러지며 깔끔하고 세련된 공간 분위기를 연출합니다.시간이 지나도 변함없이 아름다운 클래식의 가치를 느껴보세요.	/2024/05/12/product_08_01.png	HW07063-23018B	"220v, 60Hz, 3kW"	2024-03-01	SMEG S.p.A / (주)제이컬렉션	ITALY	597x548x592mm	1년	(주)제이컬렉션/스메그코리아 고객센터 1588-2644	설치 환경에 따라 추가 비용이 발생할 수 있음	판매중	8
SO6102TB3	리니아 오븐 미드나잇블랙	"2,400,000"	"리니아(Linea)는 디자인의 첫 번째 요소인 '선(Line)'의 아름다움을 추구하는 스메그의 가장 현대적인 컬렉션입니다.부가적인 요소를 최소화한 단순하고 균형잡인 셰입, 그리고 도어 전면에 적용된 글라스 소재와이에 반사되는 유려한 빛은 미니멀하고 모던한 주방 공간의 매력을 더욱 극대화합니다.가장 진보된 기술과 직관적인 사용자 인터페이스는 제품 디자인과 완벽히 결합하여 새로운 요리 경험으로 안내합니다.현대적인 우아함을 표현하는 리니아 빌트인 오븐을 만나보세요."	/2024/05/12/product_08_02.png	HW07063-23018B	"220v, 60Hz, 3kW"	2024-01-01	SMEG S.p.A / (주)제이컬렉션	ITALY	597x548x592mm	1년	(주)제이컬렉션/스메그코리아 고객센터 1588-2644	설치 환경에 따라 추가 비용이 발생할 수 있음	판매중	8
SO6102TG	리니아 오븐 넵튠그레이	"2,400,000"	"리니아(Linea)는 디자인의 첫 번째 요소인 '선(Line)'의 아름다움을 추구하는 스메그의 가장 현대적인 컬렉션입니다.부가적인 요소를 최소화한 단순하고 균형잡인 셰입, 그리고 도어 전면에 적용된 글라스 소재와이에 반사되는 유려한 빛은 미니멀하고 모던한 주방 공간의 매력을 더욱 극대화합니다.가장 진보된 기술과 직관적인 사용자 인터페이스는 제품 디자인과 완벽히 결합하여 새로운 요리 경험으로 안내합니다.현대적인 우아함을 표현하는 리니아 빌트인 오븐을 만나보세요."	/2024/05/12/product_08_03.png	HW07063-23018B	"220v, 60Hz, 3kW"	2024-01-01	SMEG S.p.A / (주)제이컬렉션	ITALY	597 x 548 x 592mm	1년	(주)제이컬렉션/스메그코리아 고객센터 1588-2644	설치 환경에 따라 추가 비용이 발생할 수 있음	판매중	8
SOP6902S2PX	빅토리아 오븐 실버	"3,200,000"	"스메그의 빅토리아 라인은 1948년 '엘리자베스(Elizabeth)' 쿠커에서 영감을 받아 탄생한 디자인으로,클래식한 감성과 현대적인 감각이 어우러져 완성된 시그니처 라인입니다.향수를 불러일으키는 부드러운 곡선과 개성을 더해주는 청키한 노브는 빅토리아만의 감각적인 복고풍을 표현합니다.특유의 따뜻하고 사랑스러운 감성으로 요리와 주방을 사랑하는 사람들에게 더욱 포근한 공간을 선사하는 빅토리아 라인을 만나보세요."	/2024/05/12/product_08_04.png	HW07063-20012C	"220v, 60Hz, 3kW"	2023-09-01	SMEG S.p.A / (주)제이컬렉션	ITALY	597 x 548 x 592mm	1년	(주)제이컬렉션/스메그코리아 고객센터 1588-2644	설치 환경에 따라 추가 비용이 발생할 수 있음	판매중	8
SOP6902S2PP	빅토리아 오븐 크림	"3,200,000"	"스메그의 빅토리아 라인은 1948년 '엘리자베스(Elizabeth)' 쿠커에서 영감을 받아 탄생한 디자인으로,클래식한 감성과 현대적인 감각이 어우러져 완성된 시그니처 라인입니다.향수를 불러일으키는 부드러운 곡선과 개성을 더해주는 청키한 노브는 빅토리아만의 감각적인 복고풍을 표현합니다.특유의 따뜻하고 사랑스러운 감성으로 요리와 주방을 사랑하는 사람들에게 더욱 포근한 공간을 선사하는 빅토리아 라인을 만나보세요."	/2024/05/12/product_08_05.png	HW07063-20012C	"220v, 60Hz, 3kW"	2023-09-01	SMEG S.p.A / (주)제이컬렉션	ITALY	597 x 548 x 592mm	1년	(주)제이컬렉션/스메그코리아 고객센터 1588-2644	설치 환경에 따라 추가 비용이 발생할 수 있음	판매중	8
SOP6902S2PN	빅토리아 오븐 블랙	"3,200,000"	"스메그의 빅토리아 라인은 1948년 '엘리자베스(Elizabeth)' 쿠커에서 영감을 받아 탄생한 디자인으로,클래식한 감성과 현대적인 감각이 어우러져 완성된 시그니처 라인입니다.향수를 불러일으키는 부드러운 곡선과 개성을 더해주는 청키한 노브는 빅토리아만의 감각적인 복고풍을 표현합니다.특유의 따뜻하고 사랑스러운 감성으로 요리와 주방을 사랑하는 사람들에게 더욱 포근한 공간을 선사하는 빅토리아 라인을 만나보세요."	/2024/05/12/product_08_06.png	HW07063-20012C	"220v, 60Hz, 3kW"	2023-09-01	SMEG S.p.A / (주)제이컬렉션	ITALY	597 x 548 x 592mm	1년	(주)제이컬렉션/스메그코리아 고객센터 1588-2644	설치 환경에 따라 추가 비용이 발생할 수 있음	판매중	8
SFP6604PNRE	돌체스틸노보 오븐 골드프레임	"4,850,000"	"스메그 돌체스틸노보 라인은 스메그의 스타일 라인 중 가장 최신의 주방가전 기술력이 적용된 프리미엄 라인입니다.13세기 이탈리아 연시 소네트(Italian Sonet)에 영감을 받은 디자인은 최고급 블랙 이클립스 글라스와 황동, 스테인리스로 중후함을 보여줍니다.돌체스틸노보 오븐은 세계적으로 인정받은 이탈리아의 오븐 기술력과 스마트한 기능으로 다양한 요리를 누구나 쉽게 할 수 있으며,최고급 소재와 고급스러운 프레임의 컬러 엣지로 주방에 품격을 더하는 프리미엄 모델입니다."	/2024/05/12/product_08_07.jpg	유 / HW07063-20013B	"220v, 60Hz, 3kw"	2020-12-01	SMEG S.p.A / (주)제이컬렉션	ITALY	597 x 548 x 592mm	1년	(주)제이컬렉션/스메그코리아 고객센터 1588-2644	설치 환경에 따라 추가 비용이 발생할 수 있음	품절	8
SFP6604PNXE	돌체스틸노보 오븐 실버프레임	"4,850,000"	"""스메그 돌체스틸노보 라인은 스메그의 스타일 라인 중 가장 최신의 주방가전 기술력이 적용된 프리미엄 라인입니다.13세기 이탈리아 연시 소네트(Italian Sonet)에 영감을 받은 디자인은 최고급 블랙 이클립스 글라스와 황동, 스테인리스로 중후함을 보여줍니다.돌체스틸노보 오븐은 세계적으로 인정받은 이탈리아의 오븐 기술력과 스마트한 기능으로 다양한 요리를 누구나 쉽게 할 수 있으며,최고급 소재와 고급스러운 프레임의 컬러 엣지로 주방에 품격을 더하는 프리미엄 모델입니다."""	/2024/05/12/product_08_08.png	유 / HW07063-20013B	"220v, 60Hz, 3kw"	2020-12-01	SMEG S.p.A / (주)제이컬렉션	ITALY	597 x 548 x 592mm	1년	(주)제이컬렉션/스메그코리아 고객센터 1588-2644	설치 환경에 따라 추가 비용이 발생할 수 있음	판매중	8
SI964PM	빅토리아 인덕션 크림	"2,200,000"	"스메그의 빅토리아 컬렉션은 1948년 '엘리자베스(Elizabeth)' 쿠커에서 영감을 받아 탄생한 디자인으로과거 어느 유럽 주방을 연상시키는 클래식한 감성을 현대적인 감각으로 재탄생시킨 스메그의 대표 컬렉션 중 하나입니다.특유의 따뜻하고 사랑스러운 감성으로 요리와 주방을 사랑하는 사람들에게 포근한 공간을 선사하는 빅토리아 컬렉션을 만나보세요."	/2024/05/12/product_08_09.png	SW07099-16003A	"220v, 50/60hz, 1,099(wh)"	2020-08-01	SMEG S.p.A. / (주)제이컬렉션	ITALY	596x510x50mm	1년	주)제이컬렉션/스메그코리아 고객센터 1588-2644	"프리스탠딩 케이스 필요시 별도 구매,설치 환경에 따라 추가 비용이 발생할 수 있음"	판매중	8
SI964XM	빅토리아 인덕션 실버	"2,200,000"	"스메그의 빅토리아 컬렉션은 1948년 '엘리자베스(Elizabeth)' 쿠커에서 영감을 받아 탄생한 디자인으로과거 어느 유럽 주방을 연상시키는 클래식한 감성을 현대적인 감각으로 재탄생시킨 스메그의 대표 컬렉션 중 하나입니다.특유의 따뜻하고 사랑스러운 감성으로 요리와 주방을 사랑하는 사람들에게 포근한 공간을 선사하는 빅토리아 컬렉션을 만나보세요."	/2024/05/12/product_08_10.png	SW07099-16003A	"220v, 50/60hz, 1,099(wh)"	2020-08-01	SMEG S.p.A. / (주)제이컬렉션	ITALY	596x510x50mm	1년	주)제이컬렉션/스메그코리아 고객센터 1588-2644	"프리스탠딩 케이스 필요시 별도 구매,설치 환경에 따라 추가 비용이 발생할 수 있음"	판매중	8
SIM1643DS	리니아 인덕션 그레이	"2,180,000"	"스메그 리니아 라인은 디자인의 제1요소인 ‘선(Line)’이 이루는 심플함과 균형감으로 완성된 미니멀리즘 스타일을 보여줍니다.심플한 디자인과 달리 최신 기술력과 스마트한 기능이 적용되어 최고의 실용성을 자랑합니다.리니아 인덕션은 세련된 그레이, 블랙 컬러의 이지클린 글라스 상판과 절제된 디자인으로 모던하고 심플한 주방에 어울립니다.다양한 조리, 안전 기능은 편리하고 실용적입니다."	/2024/05/12/product_08_11.png	HW07063-20014B	"220-240v 50/60Hz, 1,281(wh)"	2021-04-01	SMEG S.p.A. / (주)제이컬렉션	ITALY	600x510x53mm	1년	주)제이컬렉션/스메그코리아 고객센터 1588-2644	"프리스탠딩 케이스 필요시 별도 구매,설치 환경에 따라 추가 비용이 발생할 수 있음"	판매중	8
SIM1643DS	리니아 인덕션 블랙	"2,180,000"	"""스메그 리니아 라인은 디자인의 제1요소인 ‘선(Line)’이 이루는 심플함과 균형감으로 완성된 미니멀리즘 스타일을 보여줍니다.심플한 디자인과 달리 최신 기술력과 스마트한 기능이 적용되어 최고의 실용성을 자랑합니다.리니아 인덕션은 세련된 그레이, 블랙 컬러의 이지클린 글라스 상판과 절제된 디자인으로 모던하고 심플한 주방에 어울립니다.다양한 조리, 안전 기능은 편리하고 실용적입니다."""	/2024/05/12/product_08_12.png	HW07063-20014B	" 220-240v 50/60Hz, 1,281(wh)"	2021-04-01	SMEG S.p.A. / (주)제이컬렉션	ITALY	600x510x53mm	1년	주)제이컬렉션/스메그코리아 고객센터 1588-2644	"프리스탠딩 케이스 필요시 별도 구매,설치 환경에 따라 추가 비용이 발생할 수 있음"	판매중	8
KLF-4WHEU	온도조절 전기포트 화이트	"310,000"	"스메그 온도조절 전기포트는 공간 인테리어의 가치를 높이고 멋을 더해 주기 위해 설계되었습니다. 부드러운 곡선의 레트로 라인 FAB 냉장고를 모티브로 디자인되어 제품의 컬러와 소재가 다양하고, 고객이 사용하고자 하는 모든 공간에서 다른 제품들과 완벽한 어우러짐을 자랑할 뿐만 아니라 제품 자체의 독특한 개성을 부각시켜 인테리어에 포인트가 될 수 있도록 제작되었습니다.스메그 소형가전의 디자인은 Deepdeisgn社의 건축가인 Matteo Bazzicalupo와 Raffaella Mangiarotti의 콜라보레이션을 통해 만들어졌습니다. 스메그만의 아이콘적 스타일과 유니크한 디테일을 담은 디자인뿐만 아니라 뛰어난 성능으로 사용자의 만족감을 높여줍니다. 50, 60, 70, 80, 90, 95, 100℃ 7단계의 온도 설정을 통해 각종 차, 분유, 커피 등 음료에 맞는 온도로 편리하고 맛있게 즐길 수 있고,설정한 온도와 현재 온도가 LED램프에 점등되어 한눈에 쉽게 볼 수 있습니다."	/2024/05/12/product_09_01.png	SU07802-16001A	"AC 220V, 60Hz / 2,400W"	2017-09-01	Tech's Lane Electrical Manufacturing (Shenzhen) Co.Ltd ｜(주)제이컬렉션	"Assembled in China, Designed by SMEG ITALY"	"(가로x세로x높이)226x171x248mm,1.7L, 1.8kg, 무선"	1년	(주)제이컬렉션/스메그코리아 고객센터 1588-2644	해당사항 없음	품절	9
KLF03CREU	전기포트 크림	"235,000"	"스메그 전기포트는 공간 인테리어의 가치를 높이고 멋을 더해 주기 위해 설계되었습니다. 부드러운 곡선의 레트로 라인 FAB 냉장고를 모티브로 디자인되어 제품의 컬러와 소재가 다양하고, 고객이 사용하고자 하는 모든 공간에서 다른 제품들과 완벽한 어우러짐을 자랑할 뿐만 아니라 제품 자체의 독특한 개성을 부각시켜 인테리어에 포인트가 될 수 있도록 제작되었습니다.스메그 소형가전의 디자인은 Deepdeisgn社의 건축가인 Matteo Bazzicalupo와 Raffaella Mangiarotti의 콜라보레이션을 통해 만들어졌습니다. 스메그만의 아이콘적 스타일과 유니크한 디테일을 담은 디자인뿐만 아니라 뛰어난 성능으로 사용자의 만족감을 높여줍니다."	/2024/05/12/product_09_02.png	HW07063-19006G	"AC 220V, 60Hz / 2,400W"	2017-09-01	"Dongguan Hengli Yorkwell manufactory,SMEG S.p.A. ｜(주)제이컬렉션"	"Assembled in China, Designed by SMEG ITALY"	"(가로x세로x높이)226x170x248mm, 1.7L, 1.6kg, 무선"	1년	(주)제이컬렉션/스메그코리아 고객센터 1588-2644	해당사항 없음	판매중	9
KLF04CREU	온도조절 전기포트 크림	"310,000"	"스메그 온도조절 전기포트는 공간 인테리어의 가치를 높이고 멋을 더해 주기 위해 설계되었습니다. 부드러운 곡선의 레트로 라인 FAB 냉장고를 모티브로 디자인되어 제품의 컬러와 소재가 다양하고, 고객이 사용하고자 하는 모든 공간에서 다른 제품들과 완벽한 어우러짐을 자랑할 뿐만 아니라 제품 자체의 독특한 개성을 부각시켜 인테리어에 포인트가 될 수 있도록 제작되었습니다.스메그 소형가전의 디자인은 Deepdeisgn社의 건축가인 Matteo Bazzicalupo와 Raffaella Mangiarotti의 콜라보레이션을 통해 만들어졌습니다. 스메그만의 아이콘적 스타일과 유니크한 디테일을 담은 디자인뿐만 아니라 뛰어난 성능으로 사용자의 만족감을 높여줍니다. 50, 60, 70, 80, 90, 95, 100℃ 7단계의 온도 설정을 통해 각종 차, 분유, 커피 등 음료에 맞는 온도로 편리하고 맛있게 즐길 수 있고,설정한 온도와 현재 온도가 LED램프에 점등되어 한눈에 쉽게 볼 수 있습니다."	/2024/05/12/product_09_03.png	SU07802-16001A	"AC 220V, 60Hz / 2,400W"	2017-09-02	Tech's Lane Electrical Manufacturing (Shenzhen) Co.Ltd ｜(주)제이컬렉션	"Assembled in China, Designed by SMEG ITALY"	"(가로x세로x높이)226x171x248mm,1.7L, 1.8kg, 무선"	1년	(주)제이컬렉션/스메그코리아 고객센터 1588-2645	해당사항 없음	판매중	9
KLF05CREU	미니 전기포트 크림	"185,000"	"스메그 미니 전기포트는 공간 인테리어의 가치를 높이고 멋을 더해 주기 위해 설계되었습니다. 부드러운 곡선의 레트로 라인 FAB 냉장고를 모티브로 디자인되어 제품의 컬러와 소재가 다양하고, 고객이 사용하고자 하는 모든 공간에서 다른 제품들과 완벽한 어우러짐을 자랑할 뿐만 아니라 제품 자체의 독특한 개성을 부각시켜 인테리어에 포인트가 될 수 있도록 제작되었습니다.스메그 소형가전의 디자인은 Deepdeisgn社의 건축가인 Matteo Bazzicalupo와 Raffaella Mangiarotti의 콜라보레이션을 통해 만들어졌습니다. 스메그만의 아이콘적 스타일과 유니크한 디테일을 담은 디자인뿐만 아니라 뛰어난 성능으로 사용자의 만족감을 높여줍니다.종이컵 약 5잔 분량으로 사무실, 집, 레지던스, 호텔 등 다양한 곳에서 실용적으로 활용할 수 있으며 38% 가벼워진 무게와 편리성을 고려하여 설계된 손잡이는 손목의 부담을 덜어줍니다."	/2024/05/12/product_09_04.jpg	HU07770-22010A	"220V, 60Hz, 1400W"	2022-05-01	Top Electric Appliances Industrial Ltd.｜ (주)제이컬렉션	"Assembled in China, Designed by SMEG ITALY"	"(가로x세로x높이)152x200x200mm, 0.8L, 무선"	1년	(주)제이컬렉션/스메그코리아 고객센터 1588-2644	해당사항 없음	품절	9
KLF03GOEU	전기포트 골드	"350,000"	"스메그 전기포트는 공간 인테리어의 가치를 높이고 멋을 더해 주기 위해 설계되었습니다. 부드러운 곡선의 레트로 라인 FAB 냉장고를 모티브로 디자인되어 제품의 컬러와 소재가 다양하고, 고객이 사용하고자 하는 모든 공간에서 다른 제품들과 완벽한 어우러짐을 자랑할 뿐만 아니라 제품 자체의 독특한 개성을 부각시켜 인테리어에 포인트가 될 수 있도록 제작되었습니다.스메그 소형가전의 디자인은 Deepdeisgn社의 건축가인 Matteo Bazzicalupo와 Raffaella Mangiarotti의 콜라보레이션을 통해 만들어졌습니다. 스메그만의 아이콘적 스타일과 유니크한 디테일을 담은 디자인뿐만 아니라 뛰어난 성능으로 사용자의 만족감을 높여줍니다.주방의 보석으로 다시 태어난 스메그 토스터와 전기포트. 빛나는 금빛 색조로 완성된 골드 컬러는 그동안 주방에서는 상상하지 못했던 대담한 색채를 표현합니다.시간을 초월한 럭셔리함, 매혹적인 컬러의 스페셜 에디션 컬렉션을 만나보세요."	/2024/05/12/product_09_05.png	HW07063-19006G	"AC 220V, 60Hz / 2,400W"	2020-12-01	"Dongguan Hengli Yorkwell manufactory,SMEG S.p.A. ｜(주)제이컬렉션"	"Assembled in China, Designed by SMEG ITALY"	"(가로x세로x높이)226x170x248mm, 1.7L, 1.6kg, 무선"	1년	(주)제이컬렉션/스메그코리아 고객센터 1588-2645	해당사항 없음	판매중	9
KLF03RGEU	전기포트 로즈골드	"350,000"	"스메그 전기포트는 공간 인테리어의 가치를 높이고 멋을 더해 주기 위해 설계되었습니다. 부드러운 곡선의 레트로 라인 FAB 냉장고를 모티브로 디자인되어 제품의 컬러와 소재가 다양하고, 고객이 사용하고자 하는 모든 공간에서 다른 제품들과 완벽한 어우러짐을 자랑할 뿐만 아니라 제품 자체의 독특한 개성을 부각시켜 인테리어에 포인트가 될 수 있도록 제작되었습니다.스메그 소형가전의 디자인은 Deepdeisgn社의 건축가인 Matteo Bazzicalupo와 Raffaella Mangiarotti의 콜라보레이션을 통해 만들어졌습니다. 스메그만의 아이콘적 스타일과 유니크한 디테일을 담은 디자인뿐만 아니라 뛰어난 성능으로 사용자의 만족감을 높여줍니다.주방의 보석으로 다시 태어난 스메그 토스터와 전기포트. 빛나는 금빛 색조로 완성된 골드 컬러는 그동안 주방에서는 상상하지 못했던 대담한 색채를 표현합니다.시간을 초월한 럭셔리함, 매혹적인 컬러의 스페셜 에디션 컬렉션을 만나보세요."	/2024/05/12/product_09_06.png	HW07063-19006G	"AC 220V, 60Hz / 2,400W"	2020-12-02	"Dongguan Hengli Yorkwell manufactory,SMEG S.p.A. ｜(주)제이컬렉션"	"Assembled in China, Designed by SMEG ITALY"	"(가로x세로x높이)226x170x248mm, 1.7L, 1.6kg, 무선"	1년	(주)제이컬렉션/스메그코리아 고객센터 1588-2646	해당사항 없음	판매중	9
KLF03CHMEU	전기포트 매트샴페인	"245,000"	"스메그 전기포트는 공간 인테리어의 가치를 높이고 멋을 더해 주기 위해 설계되었습니다. 부드러운 곡선의 레트로 라인 FAB 냉장고를 모티브로 디자인되어 제품의 컬러와 소재가 다양하고,고객이 사용하고자 하는 모든 공간에서 다른 제품들과 완벽한 어우러짐을 자랑할 뿐만 아니라 제품 자체의 독특한 개성을 부각시켜 인테리어에 포인트가 될 수 있도록 제작되었습니다.스메그 소형가전의 디자인은 Deepdeisgn社의 건축가인 Matteo Bazzicalupo와 Raffaella Mangiarotti의 콜라보레이션을 통해 만들어졌습니다. 스메그만의 아이콘적 스타일과 유니크한 디테일을 담은 디자인뿐만 아니라 뛰어난 성능으로 사용자의 만족감을 높여줍니다.본체와 공(Ball) 모양의 전원 손잡이, 주입구 및 물이 담기는 용기 대부분이 스테인리스 스틸 재질로 되어있어 중금속 노출 및 환경 호르몬 발생과 변색, 변형의 위험이 적습니다. 분체도장과 크롬 광택은 제품의 컬러를 보다 선명하게 오랫동안 유지할 수 있습니다."	/2024/05/12/product_09_07.png	HW07063-19006G	"220v, 60hz, 2400w"	2020-12-01	"Dongguan Hengli Yorkwell manufactory,SMEG S.p.A. ｜(주)제이컬렉션"	"Assembled in China, Designed by SMEG ITALY"	"(가로x세로x높이)226x170x248mm, 1.7L, 1.6kg, 무선"	1년	(주)제이컬렉션/스메그코리아 고객센터 1588-2646	해당사항 없음	품절	9
KLF03PGEU	전기포트 파스텔그린	"235,000"	"스메그 전기포트는 공간 인테리어의 가치를 높이고 멋을 더해 주기 위해 설계되었습니다. 부드러운 곡선의 레트로 라인 FAB 냉장고를 모티브로 디자인되어 제품의 컬러와 소재가 다양하고,고객이 사용하고자 하는 모든 공간에서 다른 제품들과 완벽한 어우러짐을 자랑할 뿐만 아니라 제품 자체의 독특한 개성을 부각시켜 인테리어에 포인트가 될 수 있도록 제작되었습니다.스메그 소형가전의 디자인은 Deepdeisgn社의 건축가인 Matteo Bazzicalupo와 Raffaella Mangiarotti의 콜라보레이션을 통해 만들어졌습니다. 스메그만의 아이콘적 스타일과 유니크한 디테일을 담은 디자인뿐만 아니라 뛰어난 성능으로 사용자의 만족감을 높여줍니다.본체와 공(Ball) 모양의 전원 손잡이, 주입구 및 물이 담기는 용기 대부분이 스테인리스 스틸 재질로 되어있어 중금속 노출 및 환경 호르몬 발생과 변색, 변형의 위험이 적습니다. 분체도장과 크롬 광택은 제품의 컬러를 보다 선명하게 오랫동안 유지할 수 있습니다."	/2024/05/12/product_09_08.png	HW07063-19006G	"AC 220V, 60Hz / 2,400W"	2017-09-01	"Dongguan Hengli Yorkwell manufactory,SMEG S.p.A. ｜(주)제이컬렉션"	"Assembled in China, Designed by SMEG ITALY"	"(가로x세로x높이)226x170x248mm, 1.7L, 1.6kg, 무선"	1년	(주)제이컬렉션/스메그코리아 고객센터 1588-2646	해당사항 없음	판매중	9
KLF04PGEU	온도조절 전기포트 파스텔그린	"310,000"	"스메그 온도조절 전기포트는 공간 인테리어의 가치를 높이고 멋을 더해 주기 위해 설계되었습니다. 부드러운 곡선의 레트로 라인 FAB 냉장고를 모티브로 디자인되어 제품의 컬러와 소재가 다양하고, 고객이 사용하고자 하는 모든 공간에서 다른 제품들과 완벽한 어우러짐을 자랑할 뿐만 아니라 제품 자체의 독특한 개성을 부각시켜 인테리어에 포인트가 될 수 있도록 제작되었습니다.스메그 소형가전의 디자인은 Deepdeisgn社의 건축가인 Matteo Bazzicalupo와 Raffaella Mangiarotti의 콜라보레이션을 통해 만들어졌습니다. 스메그만의 아이콘적 스타일과 유니크한 디테일을 담은 디자인뿐만 아니라 뛰어난 성능으로 사용자의 만족감을 높여줍니다.50, 60, 70, 80, 90, 95, 100℃ 7단계의 온도 설정을 통해 각종 차, 분유, 커피 등 음료에 맞는 온도로 편리하고 맛있게 즐길 수 있고, 설정한 온도와 현재 온도가 LED램프에 점등되어 한눈에 쉽게 볼 수 있습니다."	/2024/05/12/product_09_09.png	SU07802-16001A	"AC 220V, 60Hz / 2,400W"	2017-09-01	Tech's Lane Electrical Manufacturing (Shenzhen) Co.Ltd ｜(주)제이컬렉션	"Assembled in China, Designed by SMEG ITALY"	"(가로x세로x높이)226x171x248mm,1.7L, 1.8kg, 무선"	1년	(주)제이컬렉션/스메그코리아 고객센터 1588-2644	해당사항 없음	품절	9
KLF05PGEU	미니 전기포트 파스텔그린	"185,000"	"스메그 미니 전기포트는 공간 인테리어의 가치를 높이고 멋을 더해 주기 위해 설계되었습니다. 부드러운 곡선의 레트로 라인 FAB 냉장고를 모티브로 디자인되어 제품의 컬러와 소재가 다양하고, 고객이 사용하고자 하는 모든 공간에서 다른 제품들과 완벽한 어우러짐을 자랑할 뿐만 아니라 제품 자체의 독특한 개성을 부각시켜 인테리어에 포인트가 될 수 있도록 제작되었습니다.스메그 소형가전의 디자인은 Deepdeisgn社의 건축가인 Matteo Bazzicalupo와 Raffaella Mangiarotti의 콜라보레이션을 통해 만들어졌습니다. 스메그만의 아이콘적 스타일과 유니크한 디테일을 담은 디자인뿐만 아니라 뛰어난 성능으로 사용자의 만족감을 높여줍니다. FAB 냉장고를 모티브로 제작된 부드러운 곡선의 바디와 다채로운 컬러감은 우아한 공간 디자인을 완성합니다. 스메그 50’s Retro Style만의 특징인 크롬 소재의 입체감 있는 로고로 제작되어 시간이 지날수록 빈티지한 멋을 더합니다. 크롬 광택은 제품의 컬러를 보다 선명하게 오랫동안 유지할 수 있습니다."	/2024/05/12/product_09_10.png	 HU07770-22010A	"220V, 60Hz, 1400W"	2022-05-01	Top Electric Appliances Industrial Ltd.｜ (주)제이컬렉션	"Assembled in China, Designed by SMEG ITALY"	"(가로x세로x높이)152x200x200mm, 0.8L, 무선"	1년	(주)제이컬렉션/스메그코리아 고객센터 1588-2644	해당사항 없음	판매중	9
KLF05PBEU	미니 전기포트 파스텔블루	"185,000"	"스메그 미니 전기포트는 공간 인테리어의 가치를 높이고 멋을 더해 주기 위해 설계되었습니다. 부드러운 곡선의 레트로 라인 FAB 냉장고를 모티브로 디자인되어 제품의 컬러와 소재가 다양하고, 고객이 사용하고자 하는 모든 공간에서 다른 제품들과 완벽한 어우러짐을 자랑할 뿐만 아니라 제품 자체의 독특한 개성을 부각시켜 인테리어에 포인트가 될 수 있도록 제작되었습니다.스메그 소형가전의 디자인은 Deepdeisgn社의 건축가인 Matteo Bazzicalupo와 Raffaella Mangiarotti의 콜라보레이션을 통해 만들어졌습니다. 스메그만의 아이콘적 스타일과 유니크한 디테일을 담은 디자인뿐만 아니라 뛰어난 성능으로 사용자의 만족감을 높여줍니다.종이컵 약 5잔 분량으로 사무실, 집, 레지던스, 호텔 등 다양한 곳에서 실용적으로 활용할 수 있으며 38% 가벼워진 무게와 편리성을 고려하여 설계된 손잡이는 손목의 부담을 덜어줍니다."	/2024/05/12/product_09_11.png	HU07770-22010A	"220V, 60Hz, 1400W"	2022-05-01	Top Electric Appliances Industrial Ltd.｜ (주)제이컬렉션	"Assembled in China, Designed by SMEG ITALY"	"(가로x세로x높이)152x200x200mm, 0.8L, 무선"	1년	(주)제이컬렉션/스메그코리아 고객센터 1588-2646	해당사항 없음	판매중	9
KLF04PKEU	온도조절 전기포트 핑크	"310,000"	"스메그 미니 전기포트는 공간 인테리어의 가치를 높이고 멋을 더해 주기 위해 설계되었습니다. 부드러운 곡선의 레트로 라인 FAB 냉장고를 모티브로 디자인되어 제품의 컬러와 소재가 다양하고, 고객이 사용하고자 하는 모든 공간에서 다른 제품들과 완벽한 어우러짐을 자랑할 뿐만 아니라 제품 자체의 독특한 개성을 부각시켜 인테리어에 포인트가 될 수 있도록 제작되었습니다.스메그 소형가전의 디자인은 Deepdeisgn社의 건축가인 Matteo Bazzicalupo와 Raffaella Mangiarotti의 콜라보레이션을 통해 만들어졌습니다. 스메그만의 아이콘적 스타일과 유니크한 디테일을 담은 디자인뿐만 아니라 뛰어난 성능으로 사용자의 만족감을 높여줍니다.종이컵 약 5잔 분량으로 사무실, 집, 레지던스, 호텔 등 다양한 곳에서 실용적으로 활용할 수 있으며 38% 가벼워진 무게와 편리성을 고려하여 설계된 손잡이는 손목의 부담을 덜어줍니다."	/2024/05/12/product_09_12.png	SU07802-16001A	"AC 220V, 60Hz / 2,400W"	2017-09-01	Tech's Lane Electrical Manufacturing (Shenzhen) Co.Ltd ｜(주)제이컬렉션	"Assembled in China, Designed by SMEG ITALY"	"(가로x세로x높이)226x171x248mm,1.7L, 1.8kg, 무선"	1년	(주)제이컬렉션/스메그코리아 고객센터 1588-2646	해당사항 없음	품절	9
KLF03RDEU	전기포트 레드	"235,000"	"스메그 전기포트는 공간 인테리어의 가치를 높이고 멋을 더해 주기 위해 설계되었습니다. 부드러운 곡선의 레트로 라인 FAB 냉장고를 모티브로 디자인되어 제품의 컬러와 소재가 다양하고,고객이 사용하고자 하는 모든 공간에서 다른 제품들과 완벽한 어우러짐을 자랑할 뿐만 아니라 제품 자체의 독특한 개성을 부각시켜 인테리어에 포인트가 될 수 있도록 제작되었습니다.스메그 소형가전의 디자인은 Deepdeisgn社의 건축가인 Matteo Bazzicalupo와 Raffaella Mangiarotti의 콜라보레이션을 통해 만들어졌습니다. 스메그만의 아이콘적 스타일과 유니크한 디테일을 담은 디자인뿐만 아니라 뛰어난 성능으로 사용자의 만족감을 높여줍니다.본체와 공(Ball) 모양의 전원 손잡이, 주입구 및 물이 담기는 용기 대부분이 스테인리스 스틸 재질로 되어있어 중금속 노출 및 환경 호르몬 발생과 변색, 변형의 위험이 적습니다. 분체도장과 크롬 광택은 제품의 컬러를 보다 선명하게 오랫동안 유지할 수 있습니다."	/2024/05/12/product_09_13.png	HW07063-19006G	"AC 220V, 60Hz / 2,400W"	2017-09-02	"Dongguan Hengli Yorkwell manufactory,SMEG S.p.A. ｜(주)제이컬렉션"	"Assembled in China, Designed by SMEG ITALY"	"(가로x세로x높이)226x170x248mm, 1.7L, 1.6kg, 무선"	1년	(주)제이컬렉션/스메그코리아 고객센터 1588-2646	해당사항 없음	품절	9
KLF05RDEU	미니 전기포트 레드	"185,000"	"스메그 미니 전기포트는 공간 인테리어의 가치를 높이고 멋을 더해 주기 위해 설계되었습니다. 부드러운 곡선의 레트로 라인 FAB 냉장고를 모티브로 디자인되어 제품의 컬러와 소재가 다양하고, 고객이 사용하고자 하는 모든 공간에서 다른 제품들과 완벽한 어우러짐을 자랑할 뿐만 아니라 제품 자체의 독특한 개성을 부각시켜 인테리어에 포인트가 될 수 있도록 제작되었습니다.스메그 소형가전의 디자인은 Deepdeisgn社의 건축가인 Matteo Bazzicalupo와 Raffaella Mangiarotti의 콜라보레이션을 통해 만들어졌습니다. 스메그만의 아이콘적 스타일과 유니크한 디테일을 담은 디자인뿐만 아니라 뛰어난 성능으로 사용자의 만족감을 높여줍니다.종이컵 약 5잔 분량으로 사무실, 집, 레지던스, 호텔 등 다양한 곳에서 실용적으로 활용할 수 있으며 38% 가벼워진 무게와 편리성을 고려하여 설계된 손잡이는 손목의 부담을 덜어줍니다."	/2024/05/12/product_09_14.png	HU07770-22010A	"220V, 60Hz, 1400W"	2022-05-01	Top Electric Appliances Industrial Ltd.｜ (주)제이컬렉션	"Assembled in China, Designed by SMEG ITALY"	"(가로x세로x높이)152x200x200mm, 0.8L, 무선"	1년	(주)제이컬렉션/스메그코리아 고객센터 1588-2646	해당사항 없음	판매중	9
KLF03SSEU	전기포트 크롬	"350,000"	"스메그 전기포트는 공간 인테리어의 가치를 높이고 멋을 더해 주기 위해 설계되었습니다. 부드러운 곡선의 레트로 라인 FAB 냉장고를 모티브로 디자인되어 제품의 컬러와 소재가 다양하고,고객이 사용하고자 하는 모든 공간에서 다른 제품들과 완벽한 어우러짐을 자랑할 뿐만 아니라 제품 자체의 독특한 개성을 부각시켜 인테리어에 포인트가 될 수 있도록 제작되었습니다.스메그 소형가전의 디자인은 Deepdeisgn社의 건축가인 Matteo Bazzicalupo와 Raffaella Mangiarotti의 콜라보레이션을 통해 만들어졌습니다. 스메그만의 아이콘적 스타일과 유니크한 디테일을 담은 디자인뿐만 아니라 뛰어난 성능으로 사용자의 만족감을 높여줍니다.본체와 공(Ball) 모양의 전원 손잡이, 주입구 및 물이 담기는 용기 대부분이 스테인리스 스틸 재질로 되어있어 중금속 노출 및 환경 호르몬 발생과 변색, 변형의 위험이 적습니다. 분체도장과 크롬 광택은 제품의 컬러를 보다 선명하게 오랫동안 유지할 수 있습니다."	/2024/05/12/product_09_15.png	HW07063-19006G	"AC 220V, 60Hz / 2,400W"	2017-09-01	"Dongguan Hengli Yorkwell manufactory,SMEG S.p.A. ｜(주)제이컬렉션"	"Assembled in China, Designed by SMEG ITALY"	"(가로x세로x높이)226x170x248mm, 1.7L, 1.6kg, 무선"	1년	(주)제이컬렉션/스메그코리아 고객센터 1588-2647	해당사항 없음	품절	9
KLF04SSEU	온도조절 전기포트 크롬	"390,000"	"스메그 온도조절 전기포트는 공간 인테리어의 가치를 높이고 멋을 더해 주기 위해 설계되었습니다. 부드러운 곡선의 레트로 라인 FAB 냉장고를 모티브로 디자인되어 제품의 컬러와 소재가 다양하고, 고객이 사용하고자 하는 모든 공간에서 다른 제품들과 완벽한 어우러짐을 자랑할 뿐만 아니라 제품 자체의 독특한 개성을 부각시켜 인테리어에 포인트가 될 수 있도록 제작되었습니다.스메그 소형가전의 디자인은 Deepdeisgn社의 건축가인 Matteo Bazzicalupo와 Raffaella Mangiarotti의 콜라보레이션을 통해 만들어졌습니다. 스메그만의 아이콘적 스타일과 유니크한 디테일을 담은 디자인뿐만 아니라 뛰어난 성능으로 사용자의 만족감을 높여줍니다. 50, 60, 70, 80, 90, 95, 100℃ 7단계의 온도 설정을 통해 각종 차, 분유, 커피 등 음료에 맞는 온도로 편리하고 맛있게 즐길 수 있고,설정한 온도와 현재 온도가 LED램프에 점등되어 한눈에 쉽게 볼 수 있습니다."	/2024/05/12/product_09_16.png	SU07802-16001A	"AC 220V, 60Hz / 2,400W"	2017-09-01	"Dongguan Hengli Yorkwell manufactory,SMEG S.p.A. ｜(주)제이컬렉션"	"Assembled in China, Designed by SMEG ITALY"	"(가로x세로x높이)226x171x248mm,1.7L, 1.8kg, 무선"	1년	(주)제이컬렉션/스메그코리아 고객센터 1588-2647	해당사항 없음	판매중	9
KLF04BLEU	온도조절 전기포트 블랙	"310,000"	"스메그 온도조절 전기포트는 공간 인테리어의 가치를 높이고 멋을 더해 주기 위해 설계되었습니다. 부드러운 곡선의 레트로 라인 FAB 냉장고를 모티브로 디자인되어 제품의 컬러와 소재가 다양하고, 고객이 사용하고자 하는 모든 공간에서 다른 제품들과 완벽한 어우러짐을 자랑할 뿐만 아니라 제품 자체의 독특한 개성을 부각시켜 인테리어에 포인트가 될 수 있도록 제작되었습니다.스메그 소형가전의 디자인은 Deepdeisgn社의 건축가인 Matteo Bazzicalupo와 Raffaella Mangiarotti의 콜라보레이션을 통해 만들어졌습니다. 스메그만의 아이콘적 스타일과 유니크한 디테일을 담은 디자인뿐만 아니라 뛰어난 성능으로 사용자의 만족감을 높여줍니다. 50, 60, 70, 80, 90, 95, 100℃ 7단계의 온도 설정을 통해 각종 차, 분유, 커피 등 음료에 맞는 온도로 편리하고 맛있게 즐길 수 있고,설정한 온도와 현재 온도가 LED램프에 점등되어 한눈에 쉽게 볼 수 있습니다."	/2024/05/12/product_09_17.png	 SU07802-16001A	"AC 220V, 60Hz / 2,400W"	2017-09-01	Tech's Lane Electrical Manufacturing (Shenzhen) Co.Ltd｜(주)제이컬렉션	"Assembled in China, Designed by SMEG ITALY"	"(가로x세로x높이)226x171x248mm,1.7L, 1.8kg, 무선"	1년	(주)제이컬렉션/스메그코리아 고객센터 1588-2644	해당사항 없음	판매중	9
KLF05BLEU	미니 전기포트 블랙	"185,000"	"스메그 전기포트는 공간 인테리어의 가치를 높이고 멋을 더해 주기 위해 설계되었습니다. 부드러운 곡선의 레트로 라인 FAB 냉장고를 모티브로 디자인되어 제품의 컬러와 소재가 다양하고,고객이 사용하고자 하는 모든 공간에서 다른 제품들과 완벽한 어우러짐을 자랑할 뿐만 아니라 제품 자체의 독특한 개성을 부각시켜 인테리어에 포인트가 될 수 있도록 제작되었습니다.스메그 소형가전의 디자인은 Deepdeisgn社의 건축가인 Matteo Bazzicalupo와 Raffaella Mangiarotti의 콜라보레이션을 통해 만들어졌습니다. 스메그만의 아이콘적 스타일과 유니크한 디테일을 담은 디자인뿐만 아니라 뛰어난 성능으로 사용자의 만족감을 높여줍니다.본체와 공(Ball) 모양의 전원 손잡이, 주입구 및 물이 담기는 용기 대부분이 스테인리스 스틸 재질로 되어있어 중금속 노출 및 환경 호르몬 발생과 변색, 변형의 위험이 적습니다. 분체도장과 크롬 광택은 제품의 컬러를 보다 선명하게 오랫동안 유지할 수 있습니다."	/2024/05/12/product_09_18.png	HU07770-22010A	"220V, 60Hz, 1400W"	2022-05-01	Top Electric Appliances Industrial Ltd.｜ (주)제이컬렉션	"Assembled in China, Designed by SMEG ITALY"	"(가로x세로x높이)152x200x200mm, 0.8L, 무선"	1년	(주)제이컬렉션/스메그코리아 고객센터 1588-2644	해당사항 없음	품절	9
KLF03WHMEU	전기포트 매트화이트	"245,000"	"스메그 전기포트는 공간 인테리어의 가치를 높이고 멋을 더해 주기 위해 설계되었습니다. 부드러운 곡선의 레트로 라인 FAB 냉장고를 모티브로 디자인되어 제품의 컬러와 소재가 다양하고,고객이 사용하고자 하는 모든 공간에서 다른 제품들과 완벽한 어우러짐을 자랑할 뿐만 아니라 제품 자체의 독특한 개성을 부각시켜 인테리어에 포인트가 될 수 있도록 제작되었습니다.스메그 소형가전의 디자인은 Deepdeisgn社의 건축가인 Matteo Bazzicalupo와 Raffaella Mangiarotti의 콜라보레이션을 통해 만들어졌습니다. 스메그만의 아이콘적 스타일과 유니크한 디테일을 담은 디자인뿐만 아니라 뛰어난 성능으로 사용자의 만족감을 높여줍니다.본체와 공(Ball) 모양의 전원 손잡이, 주입구 및 물이 담기는 용기 대부분이 스테인리스 스틸 재질로 되어있어 중금속 노출 및 환경 호르몬 발생과 변색, 변형의 위험이 적습니다. 분체도장과 크롬 광택은 제품의 컬러를 보다 선명하게 오랫동안 유지할 수 있습니다."	/2024/05/12/product_09_19.png	HW07063-19006G	"AC 220V, 60Hz / 2,400W"	2020-12-01	"Dongguan Hengli Yorkwell manufactory,SMEG S.p.A. ｜(주)제이컬렉션"	"Assembled in China, Designed by SMEG ITALY"	"(가로x세로x높이)226x170x248mm, 1.7L, 1.6kg, 무선"	1년	(주)제이컬렉션/스메그코리아 고객센터 1588-2644	해당사항 없음	판매중	9
KLF05WHEU	미니 전기포트 화이트	"185,000"	"스메그 미니 전기포트는 공간 인테리어의 가치를 높이고 멋을 더해 주기 위해 설계되었습니다. 부드러운 곡선의 레트로 라인 FAB 냉장고를 모티브로 디자인되어 제품의 컬러와 소재가 다양하고, 고객이 사용하고자 하는 모든 공간에서 다른 제품들과 완벽한 어우러짐을 자랑할 뿐만 아니라 제품 자체의 독특한 개성을 부각시켜 인테리어에 포인트가 될 수 있도록 제작되었습니다. 스메그 소형가전의 디자인은 Deepdeisgn社의 건축가인 Matteo Bazzicalupo와 Raffaella Mangiarotti의 콜라보레이션을 통해 만들어졌습니다. 스메그만의 아이콘적 스타일과 유니크한 디테일을 담은 디자인뿐만 아니라 뛰어난 성능으로 사용자의 만족감을 높여줍니다. 종이컵 약 5잔 분량으로 사무실, 집, 레지던스, 호텔 등 다양한 곳에서 실용적으로 활용할 수 있으며 38% 가벼워진 무게와 편리성을 고려하여 설계된 손잡이는 손목의 부담을 덜어줍니다."	/2024/05/12/product_09_20.png	HU07770-22010A	"220V, 60Hz, 1400W"	2022-05-01	Top Electric Appliances Industrial Ltd.｜ (주)제이컬렉션	"Assembled in China, Designed by SMEG ITALY"	"(가로x세로x높이)152x200x200mm, 0.8L, 무선"	1년	(주)제이컬렉션/스메그코리아 고객센터 1588-2644	해당사항 없음	품절	9
KLF03PKEU	전기포트 핑크	"235,000"	"스메그 전기포트는 공간 인테리어의 가치를 높이고 멋을 더해 주기 위해 설계되었습니다. 부드러운 곡선의 레트로 라인 FAB 냉장고를 모티브로 디자인되어 제품의 컬러와 소재가 다양하고,고객이 사용하고자 하는 모든 공간에서 다른 제품들과 완벽한 어우러짐을 자랑할 뿐만 아니라 제품 자체의 독특한 개성을 부각시켜 인테리어에 포인트가 될 수 있도록 제작되었습니다.스메그 소형가전의 디자인은 Deepdeisgn社의 건축가인 Matteo Bazzicalupo와 Raffaella Mangiarotti의 콜라보레이션을 통해 만들어졌습니다. 스메그만의 아이콘적 스타일과 유니크한 디테일을 담은 디자인뿐만 아니라 뛰어난 성능으로 사용자의 만족감을 높여줍니다.본체와 공(Ball) 모양의 전원 손잡이, 주입구 및 물이 담기는 용기 대부분이 스테인리스 스틸 재질로 되어있어 중금속 노출 및 환경 호르몬 발생과 변색, 변형의 위험이 적습니다. 분체도장과 크롬 광택은 제품의 컬러를 보다 선명하게 오랫동안 유지할 수 있습니다."	/2024/05/12/product_09_21.png	HW07063-19006G	"AC 220V, 60Hz / 2,400W"	2017-09-01	"Dongguan Hengli Yorkwell manufactory,SMEG S.p.A. ｜(주)제이컬렉션"	"Assembled in China, Designed by SMEG ITALY"	"(가로x세로x높이)226x170x248mm, 1.7L, 1.6kg, 무선"	1년	(주)제이컬렉션/스메그코리아 고객센터 1588-2644	해당사항 없음	판매중	9
KLF04RDEU	온도조절 전기포트 레드	"310,000"	"스메그 온도조절 전기포트는 공간 인테리어의 가치를 높이고 멋을 더해 주기 위해 설계되었습니다. 부드러운 곡선의 레트로 라인 FAB 냉장고를 모티브로 디자인되어 제품의 컬러와 소재가 다양하고, 고객이 사용하고자 하는 모든 공간에서 다른 제품들과 완벽한 어우러짐을 자랑할 뿐만 아니라 제품 자체의 독특한 개성을 부각시켜 인테리어에 포인트가 될 수 있도록 제작되었습니다.스메그 소형가전의 디자인은 Deepdeisgn社의 건축가인 Matteo Bazzicalupo와 Raffaella Mangiarotti의 콜라보레이션을 통해 만들어졌습니다. 스메그만의 아이콘적 스타일과 유니크한 디테일을 담은 디자인뿐만 아니라 뛰어난 성능으로 사용자의 만족감을 높여줍니다. 50, 60, 70, 80, 90, 95, 100℃ 7단계의 온도 설정을 통해 각종 차, 분유, 커피 등 음료에 맞는 온도로 편리하고 맛있게 즐길 수 있고,설정한 온도와 현재 온도가 LED램프에 점등되어 한눈에 쉽게 볼 수 있습니다."	/2024/05/12/product_09_22.png	SU07802-16001A	"AC 220V, 50-60Hz / 2,400W"	2017-09-01	Tech's Lane Electrical Manufacturing (Shenzhen) Co.Ltd ｜(주)제이컬렉션	"Assembled in China, Designed by SMEG ITALY"	"(가로x세로x높이)226x171x248mm,1.7L, 1.8kg, 무선"	1년	(주)제이컬렉션/스메그코리아 고객센터 1588-2644	해당사항 없음	판매중	9
KLF03WHEU	전기포트 화이트	"235,000"	"스메그 전기포트는 공간 인테리어의 가치를 높이고 멋을 더해 주기 위해 설계되었습니다. 부드러운 곡선의 레트로 라인 FAB 냉장고를 모티브로 디자인되어 제품의 컬러와 소재가 다양하고,고객이 사용하고자 하는 모든 공간에서 다른 제품들과 완벽한 어우러짐을 자랑할 뿐만 아니라 제품 자체의 독특한 개성을 부각시켜 인테리어에 포인트가 될 수 있도록 제작되었습니다.스메그 소형가전의 디자인은 Deepdeisgn社의 건축가인 Matteo Bazzicalupo와 Raffaella Mangiarotti의 콜라보레이션을 통해 만들어졌습니다. 스메그만의 아이콘적 스타일과 유니크한 디테일을 담은 디자인뿐만 아니라 뛰어난 성능으로 사용자의 만족감을 높여줍니다.본체와 공(Ball) 모양의 전원 손잡이, 주입구 및 물이 담기는 용기 대부분이 스테인리스 스틸 재질로 되어있어 중금속 노출 및 환경 호르몬 발생과 변색, 변형의 위험이 적습니다. 분체도장과 크롬 광택은 제품의 컬러를 보다 선명하게 오랫동안 유지할 수 있습니다."	/2024/05/12/product_09_23.png	HW07063-19006G	"AC 220V, 60Hz / 2,400W"	2017-09-01	"Dongguan Hengli Yorkwell manufactory,SMEG S.p.A. ｜(주)제이컬렉션"	"Assembled in China, Designed by SMEG ITALY"	"(가로x세로x높이)226x170x248mm, 1.7L, 1.6kg, 무선"	1년	(주)제이컬렉션/스메그코리아 고객센터 1588-2644	해당사항 없음	판매중	9
KLF03PBEU	전기포트 파스텔블루	"235,000"	"스메그 전기포트는 공간 인테리어의 가치를 높이고 멋을 더해 주기 위해 설계되었습니다. 부드러운 곡선의 레트로 라인 FAB 냉장고를 모티브로 디자인되어 제품의 컬러와 소재가 다양하고,고객이 사용하고자 하는 모든 공간에서 다른 제품들과 완벽한 어우러짐을 자랑할 뿐만 아니라 제품 자체의 독특한 개성을 부각시켜 인테리어에 포인트가 될 수 있도록 제작되었습니다.스메그 소형가전의 디자인은 Deepdeisgn社의 건축가인 Matteo Bazzicalupo와 Raffaella Mangiarotti의 콜라보레이션을 통해 만들어졌습니다. 스메그만의 아이콘적 스타일과 유니크한 디테일을 담은 디자인뿐만 아니라 뛰어난 성능으로 사용자의 만족감을 높여줍니다.본체와 공(Ball) 모양의 전원 손잡이, 주입구 및 물이 담기는 용기 대부분이 스테인리스 스틸 재질로 되어있어 중금속 노출 및 환경 호르몬 발생과 변색, 변형의 위험이 적습니다. 분체도장과 크롬 광택은 제품의 컬러를 보다 선명하게 오랫동안 유지할 수 있습니다."	/2024/05/12/product_09_24.png	HW07063-19006G	"AC 220V, 60Hz / 2,400W"	2017-09-01	"Dongguan Hengli Yorkwell manufactory,SMEG S.p.A. ｜(주)제이컬렉션"	"Assembled in China, Designed by SMEG ITALY"	"(가로x세로x높이)226x170x248mm, 1.7L, 1.6kg, 무선"	1년	(주)제이컬렉션/스메그코리아 고객센터 1588-2644	해당사항 없음	판매중	9
KLF04PBEU	온도조절 전기포트 파스텔블루	"310,000"	"스메그 온도조절 전기포트는 공간 인테리어의 가치를 높이고 멋을 더해 주기 위해 설계되었습니다. 부드러운 곡선의 레트로 라인 FAB 냉장고를 모티브로 디자인되어 제품의 컬러와 소재가 다양하고, 고객이 사용하고자 하는 모든 공간에서 다른 제품들과 완벽한 어우러짐을 자랑할 뿐만 아니라 제품 자체의 독특한 개성을 부각시켜 인테리어에 포인트가 될 수 있도록 제작되었습니다.스메그 소형가전의 디자인은 Deepdeisgn社의 건축가인 Matteo Bazzicalupo와 Raffaella Mangiarotti의 콜라보레이션을 통해 만들어졌습니다. 스메그만의 아이콘적 스타일과 유니크한 디테일을 담은 디자인뿐만 아니라 뛰어난 성능으로 사용자의 만족감을 높여줍니다. 50, 60, 70, 80, 90, 95, 100℃ 7단계의 온도 설정을 통해 각종 차, 분유, 커피 등 음료에 맞는 온도로 편리하고 맛있게 즐길 수 있고,설정한 온도와 현재 온도가 LED램프에 점등되어 한눈에 쉽게 볼 수 있습니다."	/2024/05/12/product_09_25.png	SU07802-16001A	"AC 220V, 60Hz / 2,400W"	2017-09-01	Tech's Lane Electrical Manufacturing (Shenzhen) Co.Ltd｜(주)제이컬렉션	"Assembled in China, Designed by SMEG ITALY"	"(가로x세로x높이)226x171x248mm,1.7L, 1.8kg, 무선"	1년	(주)제이컬렉션/스메그코리아 고객센터 1588-2644	해당사항 없음	판매중	9
KLF05PKEU	미니 전기포트 핑크	"370,000"	"스메그 미니 전기포트는 공간 인테리어의 가치를 높이고 멋을 더해 주기 위해 설계되었습니다. 부드러운 곡선의 레트로 라인 FAB 냉장고를 모티브로 디자인되어 제품의 컬러와 소재가 다양하고, 고객이 사용하고자 하는 모든 공간에서 다른 제품들과 완벽한 어우러짐을 자랑할 뿐만 아니라 제품 자체의 독특한 개성을 부각시켜 인테리어에 포인트가 될 수 있도록 제작되었습니다. 스메그 소형가전의 디자인은 Deepdeisgn社의 건축가인 Matteo Bazzicalupo와 Raffaella Mangiarotti의 콜라보레이션을 통해 만들어졌습니다. 스메그만의 아이콘적 스타일과 유니크한 디테일을 담은 디자인뿐만 아니라 뛰어난 성능으로 사용자의 만족감을 높여줍니다. 종이컵 약 5잔 분량으로 사무실, 집, 레지던스, 호텔 등 다양한 곳에서 실용적으로 활용할 수 있으며 38% 가벼워진 무게와 편리성을 고려하여 설계된 손잡이는 손목의 부담을 덜어줍니다."	/2024/05/12/product_09_26.png	HU07770-22010A	"220V, 60Hz, 1400W"	2022-05-01	Top Electric Appliances Industrial Ltd.｜ (주)제이컬렉션	"Assembled in China, Designed by SMEG ITALY"	"(가로x세로x높이)152x200x200mm, 0.8L, 무선"	1년	(주)제이컬렉션/스메그코리아 고객센터 1588-2644	해당사항 없음	품절	9
KLF03BLEU	전기포트 블랙	"235,000"	"스메그 전기포트는 공간 인테리어의 가치를 높이고 멋을 더해 주기 위해 설계되었습니다. 부드러운 곡선의 레트로 라인 FAB 냉장고를 모티브로 디자인되어 제품의 컬러와 소재가 다양하고,고객이 사용하고자 하는 모든 공간에서 다른 제품들과 완벽한 어우러짐을 자랑할 뿐만 아니라 제품 자체의 독특한 개성을 부각시켜 인테리어에 포인트가 될 수 있도록 제작되었습니다.스메그 소형가전의 디자인은 Deepdeisgn社의 건축가인 Matteo Bazzicalupo와 Raffaella Mangiarotti의 콜라보레이션을 통해 만들어졌습니다. 스메그만의 아이콘적 스타일과 유니크한 디테일을 담은 디자인뿐만 아니라 뛰어난 성능으로 사용자의 만족감을 높여줍니다.본체와 공(Ball) 모양의 전원 손잡이, 주입구 및 물이 담기는 용기 대부분이 스테인리스 스틸 재질로 되어있어 중금속 노출 및 환경 호르몬 발생과 변색, 변형의 위험이 적습니다. 분체도장과 크롬 광택은 제품의 컬러를 보다 선명하게 오랫동안 유지할 수 있습니다."	/2024/05/12/product_09_27.png	HW07063-19006G	"AC 220V, 60Hz / 2,400W"	2017-09-01	"Dongguan Hengli Yorkwell manufactory,SMEG S.p.A. ｜(주)제이컬렉션"	"Assembled in China, Designed by SMEG ITALY"	"(가로x세로x높이)226x170x248mm, 1.7L, 1.6kg, 무선"	1년	(주)제이컬렉션/스메그코리아 고객센터 1588-2644	해당사항 없음	품절	9
KLF03BLMEU	전기포트 매트블랙	"245,000"	"스메그 전기포트는 공간 인테리어의 가치를 높이고 멋을 더해 주기 위해 설계되었습니다. 부드러운 곡선의 레트로 라인 FAB 냉장고를 모티브로 디자인되어 제품의 컬러와 소재가 다양하고,고객이 사용하고자 하는 모든 공간에서 다른 제품들과 완벽한 어우러짐을 자랑할 뿐만 아니라 제품 자체의 독특한 개성을 부각시켜 인테리어에 포인트가 될 수 있도록 제작되었습니다.스메그 소형가전의 디자인은 Deepdeisgn社의 건축가인 Matteo Bazzicalupo와 Raffaella Mangiarotti의 콜라보레이션을 통해 만들어졌습니다. 스메그만의 아이콘적 스타일과 유니크한 디테일을 담은 디자인뿐만 아니라 뛰어난 성능으로 사용자의 만족감을 높여줍니다.본체와 공(Ball) 모양의 전원 손잡이, 주입구 및 물이 담기는 용기 대부분이 스테인리스 스틸 재질로 되어있어 중금속 노출 및 환경 호르몬 발생과 변색, 변형의 위험이 적습니다. 분체도장과 크롬 광택은 제품의 컬러를 보다 선명하게 오랫동안 유지할 수 있습니다."	/2024/05/12/product_09_28.png	HW07063-19006G	"AC 220V, 60Hz / 2,400W"	2020-12-01	"Dongguan Hengli Yorkwell manufactory,SMEG S.p.A. ｜(주)제이컬렉션"	"Assembled in China, Designed by SMEG ITALY"	"(가로x세로x높이)226x170x248mm, 1.7L, 1.6kg, 무선"	1년	(주)제이컬렉션/스메그코리아 고객센터 1588-2644	해당사항 없음	판매중	9
KLF03GREU	전기포트 그레이	"235,000"	"스메그 전기포트는 공간 인테리어의 가치를 높이고 멋을 더해 주기 위해 설계되었습니다. 부드러운 곡선의 레트로 라인 FAB 냉장고를 모티브로 디자인되어 제품의 컬러와 소재가 다양하고,고객이 사용하고자 하는 모든 공간에서 다른 제품들과 완벽한 어우러짐을 자랑할 뿐만 아니라 제품 자체의 독특한 개성을 부각시켜 인테리어에 포인트가 될 수 있도록 제작되었습니다.스메그 소형가전의 디자인은 Deepdeisgn社의 건축가인 Matteo Bazzicalupo와 Raffaella Mangiarotti의 콜라보레이션을 통해 만들어졌습니다. 스메그만의 아이콘적 스타일과 유니크한 디테일을 담은 디자인뿐만 아니라 뛰어난 성능으로 사용자의 만족감을 높여줍니다.본체와 공(Ball) 모양의 전원 손잡이, 주입구 및 물이 담기는 용기 대부분이 스테인리스 스틸 재질로 되어있어 중금속 노출 및 환경 호르몬 발생과 변색, 변형의 위험이 적습니다. 분체도장과 크롬 광택은 제품의 컬러를 보다 선명하게 오랫동안 유지할 수 있습니다."	/2024/05/12/product_09_29.png	HW07063-19006G	"AC 220V, 60Hz / 2,400W"	2017-09-01	"Dongguan Hengli Yorkwell manufactory,SMEG S.p.A. ｜(주)제이컬렉션"	"Assembled in China, Designed by SMEG ITALY"	"(가로x세로x높이)226x170x248mm, 1.7L, 1.6kg, 무선"	1년	(주)제이컬렉션/스메그코리아 고객센터 1588-2644	해당사항 없음	품절	9
TSF01WHMEU	토스터 매트화이트	"233,000"	"스메그 토스터는 공간 인테리어의 가치를 높이고 멋을 더해 주기 위해 설계되었습니다. 부드러운 곡선의 레트로 라인 FAB 냉장고를 모티브로 디자인되어 제품의 컬러와 소재가 다양하고, 고객이 사용하고자 하는 모든 공간에서 다른 제품들과 완벽한 어우러짐을 자랑할 뿐만 아니라 제품 자체의 독특한 개성을 부각시켜 인테리어에 포인트가 될 수 있도록 제작되었습니다.스메그 소형가전의 디자인은 Deepdeisgn社의 건축가인 Matteo Bazzicalupo와 Raffaella Mangiarotti의 콜라보레이션을 통해 만들어졌습니다. 스메그만의 아이콘적 스타일과 유니크한 디테일을 담은 디자인뿐만 아니라 뛰어난 성능으로 사용자의 만족감을 높여줍니다. 스테인리스 스틸은 고열과 고압 염분에 의한 변형이나 변색 없이 사용하실수 있습니다. 분체 도장과 크롬 광택은 제품의 컬러를 보다 선명하고 오랫동안 유지할 수 있습니다."	/2024/05/12/product_10_01.png	KTL HW07063-19008B	"AC 220V, 60Hz / 870W"	2020-12-01	"Dongguan Hengli Yorkwell manufactory,SMEG S.p.A. ｜(주)제이컬렉션"	"Assembled in China, Designed by SMEG ITALY"	"(가로x세로x높이)310x195x195mm, 2슬라이스, 팝업형"	1년	(주)제이컬렉션/스메그코리아 고객센터 1588-2644	해당사항 없음	판매중	10
TSF03CREU	4구 토스터 크림	"380,000"	"스메그 4구 토스터는 공간 인테리어의 가치를 높이고 멋을 더해 주기 위해 설계되었습니다. 부드러운 곡선의 레트로 라인 FAB 냉장고를 모티브로 디자인되어 제품의 컬러와 소재가 다양하고, 고객이 사용하고자 하는 모든 공간에서 다른 제품들과 완벽한 어우러짐을 자랑할 뿐만 아니라 제품 자체의 독특한 개성을 부각시켜 인테리어에 포인트가 될 수 있도록 제작되었습니다.스메그 소형가전의 디자인은 Deepdeisgn社의 건축가인 Matteo Bazzicalupo와 Raffaella Mangiarotti의 콜라보레이션을 통해 만들어졌습니다. 스메그만의 아이콘적 스타일과 유니크한 디테일을 담은 디자인뿐만 아니라 뛰어난 성능으로 사용자의 만족감을 높여줍니다.4구의 빵 투입구로 한 번에 4장의 식빵 등을 구워 낼 수 있습니다. 다인 가구 뿐만 아니라 게스트하우스, 카페 등에서 폭 넓은 활용이 가능합니다."	/2024/05/12/product_10_02.png	HU071107-22009A	"220V, 60Hz, 1760W"	2023-01-01	Dongguan Hengli Yorkwell Manufactory｜(주)제이컬렉션	"Assembled in China, Designed by SMEG ITALY"	"(가로x세로x높이)330x300x198mm, 4슬라이스, 팝업형"	1년	(주)제이컬렉션/스메그코리아 고객센터 1588-2645	해당사항 없음	판매중	10
TSF01RGEU	토스터 로즈골드	"335,000"	"스메그 토스터는 공간 인테리어의 가치를 높이고 멋을 더해 주기 위해 설계되었습니다. 부드러운 곡선의 레트로 라인 FAB 냉장고를 모티브로 디자인되어 제품의 컬러와 소재가 다양하고, 고객이 사용하고자 하는 모든 공간에서 다른 제품들과 완벽한 어우러짐을 자랑할 뿐만 아니라 제품 자체의 독특한 개성을 부각시켜 인테리어에 포인트가 될 수 있도록 제작되었습니다.스메그 소형가전의 디자인은 Deepdeisgn社의 건축가인 Matteo Bazzicalupo와 Raffaella Mangiarotti의 콜라보레이션을 통해 만들어졌습니다. 스메그만의 아이콘적 스타일과 유니크한 디테일을 담은 디자인뿐만 아니라 뛰어난 성능으로 사용자의 만족감을 높여줍니다. 스테인리스 스틸은 고열과 고압 염분에 의한 변형이나 변색 없이 사용하실수 있습니다. 분체 도장과 크롬 광택은 제품의 컬러를 보다 선명하고 오랫동안 유지할 수 있습니다."	/2024/05/12/product_10_03.png	HW07063-19008G	"AC 220V, 60Hz / 870W"	2020-12-01	"Dongguan Hengli Yorkwell manufactory,SMEG S.p.A. ｜(주)제이컬렉션"	"Assembled in China, Designed by SMEG ITALY"	"(가로x세로x높이)310x195x195mm, 2슬라이스, 팝업형"	1년	(주)제이컬렉션/스메그코리아 고객센터 1588-2644	해당사항 없음	품절	10
TSF01CHMEU	토스터 매트샴페인	"233,000"	"스메그 토스터는 공간 인테리어의 가치를 높이고 멋을 더해 주기 위해 설계되었습니다. 부드러운 곡선의 레트로 라인 FAB 냉장고를 모티브로 디자인되어 제품의 컬러와 소재가 다양하고, 고객이 사용하고자 하는 모든 공간에서 다른 제품들과 완벽한 어우러짐을 자랑할 뿐만 아니라 제품 자체의 독특한 개성을 부각시켜 인테리어에 포인트가 될 수 있도록 제작되었습니다.스메그 소형가전의 디자인은 Deepdeisgn社의 건축가인 Matteo Bazzicalupo와 Raffaella Mangiarotti의 콜라보레이션을 통해 만들어졌습니다. 스메그만의 아이콘적 스타일과 유니크한 디테일을 담은 디자인뿐만 아니라 뛰어난 성능으로 사용자의 만족감을 높여줍니다. 스테인리스 스틸은 고열과 고압 염분에 의한 변형이나 변색 없이 사용하실수 있습니다. 분체 도장과 크롬 광택은 제품의 컬러를 보다 선명하고 오랫동안 유지할 수 있습니다."	/2024/05/12/product_10_04.png	HW07063-19008G	"AC 220V, 60Hz / 870W"	2020-12-02	"Dongguan Hengli Yorkwell manufactory,SMEG S.p.A. ｜(주)제이컬렉션"	"Assembled in China, Designed by SMEG ITALY"	"(가로x세로x높이)310x195x195mm, 2슬라이스, 팝업형"	1년	(주)제이컬렉션/스메그코리아 고객센터 1588-2645	해당사항 없음	판매중	10
TSF01PGEU	토스터 파스텔그린	"223,000"	"스메그 토스터는 공간 인테리어의 가치를 높이고 멋을 더해 주기 위해 설계되었습니다. 부드러운 곡선의 레트로 라인 FAB 냉장고를 모티브로 디자인되어 제품의 컬러와 소재가 다양하고, 고객이 사용하고자 하는 모든 공간에서 다른 제품들과 완벽한 어우러짐을 자랑할 뿐만 아니라 제품 자체의 독특한 개성을 부각시켜 인테리어에 포인트가 될 수 있도록 제작되었습니다.스메그 소형가전의 디자인은 Deepdeisgn社의 건축가인 Matteo Bazzicalupo와 Raffaella Mangiarotti의 콜라보레이션을 통해 만들어졌습니다. 스메그만의 아이콘적 스타일과 유니크한 디테일을 담은 디자인뿐만 아니라 뛰어난 성능으로 사용자의 만족감을 높여줍니다. 1에서 6단계까지 굽기 조절이 가능하여 기호에 맞는 빵을 즐기실 수 있습니다. 다이얼을 재가열 기능으로 선택하면 차가운 빵을 굽거나, 한번 더 구워야 할 때 편리하게 사용할 수 있습니다. 해동 기능으로 냉동 보관된 빵도 갓 구운 빵처럼 부드러운 빵으로 토스팅하여 드실 수 있습니다.베이글 기능으로 열선이 바깥면만 작동해 겉은 바삭하고, 안쪽은 촉촉하게 구워진 맛있는 베이글을 즐길 수 있습니다."	/2024/05/12/product_10_05.png	HW07063-19008G	"AC 220V, 60Hz / 870W"	2017-03-01	"Dongguan Hengli Yorkwell manufactory,SMEG S.p.A. ｜(주)제이컬렉션"	"Assembled in China, Designed by SMEG ITALY"	"(가로x세로x높이)310x195x195mm, 2슬라이스, 팝업형"	1년	(주)제이컬렉션/스메그코리아 고객센터 1588-2646	해당사항 없음	판매중	10
TSF03PGEU	4구 토스터 파스텔그린	"380,000"	"스메그 4구 토스터는 공간 인테리어의 가치를 높이고 멋을 더해 주기 위해 설계되었습니다. 부드러운 곡선의 레트로 라인 FAB 냉장고를 모티브로 디자인되어 제품의 컬러와 소재가 다양하고, 고객이 사용하고자 하는 모든 공간에서 다른 제품들과 완벽한 어우러짐을 자랑할 뿐만 아니라 제품 자체의 독특한 개성을 부각시켜 인테리어에 포인트가 될 수 있도록 제작되었습니다.스메그 소형가전의 디자인은 Deepdeisgn社의 건축가인 Matteo Bazzicalupo와 Raffaella Mangiarotti의 콜라보레이션을 통해 만들어졌습니다. 스메그만의 아이콘적 스타일과 유니크한 디테일을 담은 디자인뿐만 아니라 뛰어난 성능으로 사용자의 만족감을 높여줍니다.4구의 빵 투입구로 한 번에 4장의 식빵 등을 구워 낼 수 있습니다. 다인 가구 뿐만 아니라 게스트하우스, 카페 등에서 폭 넓은 활용이 가능합니다."	/2024/05/12/product_10_06.png	유 / HU071107-22009A	"220V, 60Hz, 1760W"	2023-01-01	Dongguan Hengli Yorkwell Manufactory｜(주)제이컬렉션	"Assembled in China, Designed by SMEG ITALY"	"(가로x세로x높이)330x300x198mm, 4슬라이스, 팝업형"	1년	(주)제이컬렉션/스메그코리아 고객센터 1588-2647	해당사항 없음	판매중	10
TSF01PBEU	토스터 파스텔블루	"223,000"	"스메그 토스터는 공간 인테리어의 가치를 높이고 멋을 더해 주기 위해 설계되었습니다. 부드러운 곡선의 레트로 라인 FAB 냉장고를 모티브로 디자인되어 제품의 컬러와 소재가 다양하고, 고객이 사용하고자 하는 모든 공간에서 다른 제품들과 완벽한 어우러짐을 자랑할 뿐만 아니라 제품 자체의 독특한 개성을 부각시켜 인테리어에 포인트가 될 수 있도록 제작되었습니다.스메그 소형가전의 디자인은 Deepdeisgn社의 건축가인 Matteo Bazzicalupo와 Raffaella Mangiarotti의 콜라보레이션을 통해 만들어졌습니다. 스메그만의 아이콘적 스타일과 유니크한 디테일을 담은 디자인뿐만 아니라 뛰어난 성능으로 사용자의 만족감을 높여줍니다.1에서 6단계까지 굽기 조절이 가능하여 기호에 맞는 빵을 즐기실 수 있습니다. 다이얼을 재가열 기능으로 선택하면 차가운 빵을 굽거나, 한번 더 구워야 할 때 편리하게 사용할 수 있습니다."	/2024/05/12/product_10_07.png	HW07063-19008G	"AC 220V, 60Hz / 870W"	2017-03-01	"Dongguan Hengli Yorkwell manufactory,SMEG S.p.A. ｜(주)제이컬렉션"	"Assembled in China, Designed by SMEG ITALY"	"(가로x세로x높이)310x195x195mm, 2슬라이스, 팝업형"	1년	(주)제이컬렉션/스메그코리아 고객센터 1588-2644	해당사항 없음	판매중	10
TSF03PBEU	4구 토스터 파스텔블루	"380,000"	"스메그 4구 토스터는 공간 인테리어의 가치를 높이고 멋을 더해 주기 위해 설계되었습니다. 부드러운 곡선의 레트로 라인 FAB 냉장고를 모티브로 디자인되어 제품의 컬러와 소재가 다양하고, 고객이 사용하고자 하는 모든 공간에서 다른 제품들과 완벽한 어우러짐을 자랑할 뿐만 아니라 제품 자체의 독특한 개성을 부각시켜 인테리어에 포인트가 될 수 있도록 제작되었습니다.스메그 소형가전의 디자인은 Deepdeisgn社의 건축가인 Matteo Bazzicalupo와 Raffaella Mangiarotti의 콜라보레이션을 통해 만들어졌습니다. 스메그만의 아이콘적 스타일과 유니크한 디테일을 담은 디자인뿐만 아니라 뛰어난 성능으로 사용자의 만족감을 높여줍니다.4구의 빵 투입구로 한 번에 4장의 식빵 등을 구워 낼 수 있습니다. 다인 가구 뿐만 아니라 게스트하우스, 카페 등에서 폭 넓은 활용이 가능합니다."	/2024/05/12/product_10_08.png	유 / HU071107-22009A	"220V, 60Hz, 1760W"	2023-01-01	Dongguan Hengli Yorkwell Manufactory｜(주)제이컬렉션	"Assembled in China, Designed by SMEG ITALY"	"(가로x세로x높이)330x300x198mm, 4슬라이스, 팝업형"	1년	(주)제이컬렉션/스메그코리아 고객센터 1588-2645	해당사항 없음	판매중	10
TSF01PKEU	토스터 핑크	"223,000"	"스메그 토스터는 공간 인테리어의 가치를 높이고 멋을 더해 주기 위해 설계되었습니다. 부드러운 곡선의 레트로 라인 FAB 냉장고를 모티브로 디자인되어 제품의 컬러와 소재가 다양하고, 고객이 사용하고자 하는 모든 공간에서 다른 제품들과 완벽한 어우러짐을 자랑할 뿐만 아니라 제품 자체의 독특한 개성을 부각시켜 인테리어에 포인트가 될 수 있도록 제작되었습니다.스메그 소형가전의 디자인은 Deepdeisgn社의 건축가인 Matteo Bazzicalupo와 Raffaella Mangiarotti의 콜라보레이션을 통해 만들어졌습니다. 스메그만의 아이콘적 스타일과 유니크한 디테일을 담은 디자인뿐만 아니라 뛰어난 성능으로 사용자의 만족감을 높여줍니다. 1에서 6단계까지 굽기 조절이 가능하여 기호에 맞는 빵을 즐기실 수 있습니다. 다이얼을 재가열 기능으로 선택하면 차가운 빵을 굽거나, 한번 더 구워야 할 때 편리하게 사용할 수 있습니다. 해동 기능으로 냉동 보관된 빵도 갓 구운 빵처럼 부드러운 빵으로 토스팅하여 드실 수 있습니다.베이글 기능으로 열선이 바깥면만 작동해 겉은 바삭하고, 안쪽은 촉촉하게 구워진 맛있는 베이글을 즐길 수 있습니다."	/2024/05/12/product_10_09.png	HW07063-19008G	"AC 220V, 60Hz / 870W"	2017-03-01	"Dongguan Hengli Yorkwell manufactory,SMEG S.p.A. ｜(주)제이컬렉션"	"Assembled in China, Designed by SMEG ITALY"	"(가로x세로x높이)310x195x195mm, 2슬라이스, 팝업형"	1년	(주)제이컬렉션/스메그코리아 고객센터 1588-2644	해당사항 없음	판매중	10
TSF03PKEU	4구 토스터 핑크	"380,000"	"스메그 4구 토스터는 공간 인테리어의 가치를 높이고 멋을 더해 주기 위해 설계되었습니다. 부드러운 곡선의 레트로 라인 FAB 냉장고를 모티브로 디자인되어 제품의 컬러와 소재가 다양하고, 고객이 사용하고자 하는 모든 공간에서 다른 제품들과 완벽한 어우러짐을 자랑할 뿐만 아니라 제품 자체의 독특한 개성을 부각시켜 인테리어에 포인트가 될 수 있도록 제작되었습니다.스메그 소형가전의 디자인은 Deepdeisgn社의 건축가인 Matteo Bazzicalupo와 Raffaella Mangiarotti의 콜라보레이션을 통해 만들어졌습니다. 스메그만의 아이콘적 스타일과 유니크한 디테일을 담은 디자인뿐만 아니라 뛰어난 성능으로 사용자의 만족감을 높여줍니다.4구의 빵 투입구로 한 번에 4장의 식빵 등을 구워 낼 수 있습니다. 다인 가구 뿐만 아니라 게스트하우스, 카페 등에서 폭 넓은 활용이 가능합니다."	/2024/05/12/product_10_10.png	유 / HU071107-22009A	"220V, 60Hz, 1760W"	2023-01-01	Dongguan Hengli Yorkwell Manufactory｜(주)제이컬렉션	"Assembled in China, Designed by SMEG ITALY"	"(가로x세로x높이)330x300x198mm, 4슬라이스, 팝업형"	1년	(주)제이컬렉션/스메그코리아 고객센터 1588-2645	해당사항 없음	판매중	10
TSF01RDEU	토스터 레드	"223,000"	"스메그 토스터는 공간 인테리어의 가치를 높이고 멋을 더해 주기 위해 설계되었습니다. 부드러운 곡선의 레트로 라인 FAB 냉장고를 모티브로 디자인되어 제품의 컬러와 소재가 다양하고, 고객이 사용하고자 하는 모든 공간에서 다른 제품들과 완벽한 어우러짐을 자랑할 뿐만 아니라 제품 자체의 독특한 개성을 부각시켜 인테리어에 포인트가 될 수 있도록 제작되었습니다.스메그 소형가전의 디자인은 Deepdeisgn社의 건축가인 Matteo Bazzicalupo와 Raffaella Mangiarotti의 콜라보레이션을 통해 만들어졌습니다. 스메그만의 아이콘적 스타일과 유니크한 디테일을 담은 디자인뿐만 아니라 뛰어난 성능으로 사용자의 만족감을 높여줍니다. 1에서 6단계까지 굽기 조절이 가능하여 기호에 맞는 빵을 즐기실 수 있습니다. 다이얼을 재가열 기능으로 선택하면 차가운 빵을 굽거나, 한번 더 구워야 할 때 편리하게 사용할 수 있습니다. 해동 기능으로 냉동 보관된 빵도 갓 구운 빵처럼 부드러운 빵으로 토스팅하여 드실 수 있습니다.베이글 기능으로 열선이 바깥면만 작동해 겉은 바삭하고, 안쪽은 촉촉하게 구워진 맛있는 베이글을 즐길 수 있습니다."	/2024/05/12/product_10_11.png	HW07063-19008G	"AC 220V, 60Hz / 870W"	2017-03-01	"Dongguan Hengli Yorkwell manufactory,SMEG S.p.A. ｜(주)제이컬렉션"	"Assembled in China, Designed by SMEG ITALY"	"(가로x세로x높이)310x195x195mm, 2슬라이스, 팝업형"	1년	(주)제이컬렉션/스메그코리아 고객센터 1588-2644	해당사항 없음	판매중	10
TSF03RDEU	4구 토스터 레드	"380,000"	"스메그 4구 토스터는 공간 인테리어의 가치를 높이고 멋을 더해 주기 위해 설계되었습니다. 부드러운 곡선의 레트로 라인 FAB 냉장고를 모티브로 디자인되어 제품의 컬러와 소재가 다양하고, 고객이 사용하고자 하는 모든 공간에서 다른 제품들과 완벽한 어우러짐을 자랑할 뿐만 아니라 제품 자체의 독특한 개성을 부각시켜 인테리어에 포인트가 될 수 있도록 제작되었습니다.스메그 소형가전의 디자인은 Deepdeisgn社의 건축가인 Matteo Bazzicalupo와 Raffaella Mangiarotti의 콜라보레이션을 통해 만들어졌습니다. 스메그만의 아이콘적 스타일과 유니크한 디테일을 담은 디자인뿐만 아니라 뛰어난 성능으로 사용자의 만족감을 높여줍니다.4구의 빵 투입구로 한 번에 4장의 식빵 등을 구워 낼 수 있습니다. 다인 가구 뿐만 아니라 게스트하우스, 카페 등에서 폭 넓은 활용이 가능합니다."	/2024/05/12/product_10_12.png	유 / HU071107-22009A	"220V, 60Hz, 1760W"	2023-01-01	Dongguan Hengli Yorkwell Manufactory｜(주)제이컬렉션	"Assembled in China, Designed by SMEG ITALY"	"(가로x세로x높이)330x300x198mm, 4슬라이스, 팝업형"	1년	(주)제이컬렉션/스메그코리아 고객센터 1588-2645	해당사항 없음	판매중	10
TSF01UJEU	토스터 유니언잭	"360,000"	"스메그 토스터는 공간 인테리어의 가치를 높이고 멋을 더해 주기 위해 설계되었습니다. 부드러운 곡선의 레트로 라인 FAB 냉장고를 모티브로 디자인되어 제품의 컬러와 소재가 다양하고, 고객이 사용하고자 하는 모든 공간에서 다른 제품들과 완벽한 어우러짐을 자랑할 뿐만 아니라 제품 자체의 독특한 개성을 부각시켜 인테리어에 포인트가 될 수 있도록 제작되었습니다.스메그 소형가전의 디자인은 Deepdeisgn社의 건축가인 Matteo Bazzicalupo와 Raffaella Mangiarotti의 콜라보레이션을 통해 만들어졌습니다. 스메그만의 아이콘적 스타일과 유니크한 디테일을 담은 디자인뿐만 아니라 뛰어난 성능으로 사용자의 만족감을 높여줍니다.스테인리스 스틸은 고열과 고압 염분에 의한 변형이나 변색 없이 사용하실수 있습니다. 분체 도장과 크롬 광택은 제품의 컬러를 보다 선명하고 오랫동안 유지할 수 있습니다."	/2024/05/12/product_10_13.png	"HW07063-19008GHW07063-19008G"	"AC 220V, 60Hz / 870W"	2020-05-01	"Dongguan Hengli Yorkwell manufactory,SMEG S.p.A. ｜(주)제이컬렉션"	"Assembled in China, Designed by SMEG ITALY"	"(가로x세로x높이)310x195x195mm, 2슬라이스, 팝업형"	1년	(주)제이컬렉션/스메그코리아 고객센터 1588-2644	해당사항 없음	품절	10
TSF01BLEU	토스터 블랙	"223,000"	"스메그 토스터는 공간 인테리어의 가치를 높이고 멋을 더해 주기 위해 설계되었습니다. 부드러운 곡선의 레트로 라인 FAB 냉장고를 모티브로 디자인되어 제품의 컬러와 소재가 다양하고, 고객이 사용하고자 하는 모든 공간에서 다른 제품들과 완벽한 어우러짐을 자랑할 뿐만 아니라 제품 자체의 독특한 개성을 부각시켜 인테리어에 포인트가 될 수 있도록 제작되었습니다.스메그 소형가전의 디자인은 Deepdeisgn社의 건축가인 Matteo Bazzicalupo와 Raffaella Mangiarotti의 콜라보레이션을 통해 만들어졌습니다. 스메그만의 아이콘적 스타일과 유니크한 디테일을 담은 디자인뿐만 아니라 뛰어난 성능으로 사용자의 만족감을 높여줍니다. 1에서 6단계까지 굽기 조절이 가능하여 기호에 맞는 빵을 즐기실 수 있습니다. 다이얼을 재가열 기능으로 선택하면 차가운 빵을 굽거나, 한번 더 구워야 할 때 편리하게 사용할 수 있습니다. 해동 기능으로 냉동 보관된 빵도 갓 구운 빵처럼 부드러운 빵으로 토스팅하여 드실 수 있습니다.베이글 기능으로 열선이 바깥면만 작동해 겉은 바삭하고, 안쪽은 촉촉하게 구워진 맛있는 베이글을 즐길 수 있습니다."	/2024/05/12/product_10_14.png	HW07063-19008G	"AC 220V, 60Hz / 870W"	2017-03-01	"Dongguan Hengli Yorkwell manufactory,SMEG S.p.A. ｜(주)제이컬렉션"	"Assembled in China, Designed by SMEG ITALY"	"(가로x세로x높이)310x195x195mm, 2슬라이스, 팝업형"	1년	(주)제이컬렉션/스메그코리아 고객센터 1588-2644	해당사항 없음	판매중	10
TSF03BLEU	4구 토스터 블랙	"380,000"	"스메그 4구 토스터는 공간 인테리어의 가치를 높이고 멋을 더해 주기 위해 설계되었습니다. 부드러운 곡선의 레트로 라인 FAB 냉장고를 모티브로 디자인되어 제품의 컬러와 소재가 다양하고, 고객이 사용하고자 하는 모든 공간에서 다른 제품들과 완벽한 어우러짐을 자랑할 뿐만 아니라 제품 자체의 독특한 개성을 부각시켜 인테리어에 포인트가 될 수 있도록 제작되었습니다.스메그 소형가전의 디자인은 Deepdeisgn社의 건축가인 Matteo Bazzicalupo와 Raffaella Mangiarotti의 콜라보레이션을 통해 만들어졌습니다. 스메그만의 아이콘적 스타일과 유니크한 디테일을 담은 디자인뿐만 아니라 뛰어난 성능으로 사용자의 만족감을 높여줍니다.4구의 빵 투입구로 한 번에 4장의 식빵 등을 구워 낼 수 있습니다. 다인 가구 뿐만 아니라 게스트하우스, 카페 등에서 폭 넓은 활용이 가능합니다."	/2024/05/12/product_10_15.png	유 / HU071107-22009A	"220V, 60Hz, 1760W"	2023-01-01	"Dongguan Hengli Yorkwell manufactory,SMEG S.p.A. ｜(주)제이컬렉션"	"Assembled in China, Designed by SMEG ITALY"	"(가로x세로x높이)330x300x198mm, 4슬라이스, 팝업형"	1년	(주)제이컬렉션/스메그코리아 고객센터 1588-2644	해당사항 없음	판매중	10
TSF01BLMEU	토스터 매트블랙	"233,000"	"스메그 토스터는 공간 인테리어의 가치를 높이고 멋을 더해 주기 위해 설계되었습니다. 부드러운 곡선의 레트로 라인 FAB 냉장고를 모티브로 디자인되어 제품의 컬러와 소재가 다양하고, 고객이 사용하고자 하는 모든 공간에서 다른 제품들과 완벽한 어우러짐을 자랑할 뿐만 아니라 제품 자체의 독특한 개성을 부각시켜 인테리어에 포인트가 될 수 있도록 제작되었습니다.스메그 소형가전의 디자인은 Deepdeisgn社의 건축가인 Matteo Bazzicalupo와 Raffaella Mangiarotti의 콜라보레이션을 통해 만들어졌습니다. 스메그만의 아이콘적 스타일과 유니크한 디테일을 담은 디자인뿐만 아니라 뛰어난 성능으로 사용자의 만족감을 높여줍니다. 1에서 6단계까지 굽기 조절이 가능하여 기호에 맞는 빵을 즐기실 수 있습니다. 다이얼을 재가열 기능으로 선택하면 차가운 빵을 굽거나, 한번 더 구워야 할 때 편리하게 사용할 수 있습니다. 해동 기능으로 냉동 보관된 빵도 갓 구운 빵처럼 부드러운 빵으로 토스팅하여 드실 수 있습니다.베이글 기능으로 열선이 바깥면만 작동해 겉은 바삭하고, 안쪽은 촉촉하게 구워진 맛있는 베이글을 즐길 수 있습니다."	/2024/05/12/product_10_16.png	HW07063-19008G	"AC 220V, 60Hz / 870W"	2020-12-01	"Dongguan Hengli Yorkwell manufactory,SMEG S.p.A. ｜(주)제이컬렉션"	"Assembled in China, Designed by SMEG ITALY"	"(가로x세로x높이)310x195x195mm, 2슬라이스, 팝업형"	1년	(주)제이컬렉션/스메그코리아 고객센터 1588-2644	해당사항 없음	품절	10
TSF01WHEU	토스터 화이트	"223,000"	"스메그 토스터는 공간 인테리어의 가치를 높이고 멋을 더해 주기 위해 설계되었습니다. 부드러운 곡선의 레트로 라인 FAB 냉장고를 모티브로 디자인되어 제품의 컬러와 소재가 다양하고, 고객이 사용하고자 하는 모든 공간에서 다른 제품들과 완벽한 어우러짐을 자랑할 뿐만 아니라 제품 자체의 독특한 개성을 부각시켜 인테리어에 포인트가 될 수 있도록 제작되었습니다.스메그 소형가전의 디자인은 Deepdeisgn社의 건축가인 Matteo Bazzicalupo와 Raffaella Mangiarotti의 콜라보레이션을 통해 만들어졌습니다. 스메그만의 아이콘적 스타일과 유니크한 디테일을 담은 디자인뿐만 아니라 뛰어난 성능으로 사용자의 만족감을 높여줍니다. 1에서 6단계까지 굽기 조절이 가능하여 기호에 맞는 빵을 즐기실 수 있습니다. 다이얼을 재가열 기능으로 선택하면 차가운 빵을 굽거나, 한번 더 구워야 할 때 편리하게 사용할 수 있습니다. 해동 기능으로 냉동 보관된 빵도 갓 구운 빵처럼 부드러운 빵으로 토스팅하여 드실 수 있습니다.베이글 기능으로 열선이 바깥면만 작동해 겉은 바삭하고, 안쪽은 촉촉하게 구워진 맛있는 베이글을 즐길 수 있습니다."	/2024/05/12/product_10_17.png	HW07063-19008G	"AC 220V, 60Hz / 870W"	2017-03-01	"Dongguan Hengli Yorkwell manufactory,SMEG S.p.A. ｜(주)제이컬렉션"	"Assembled in China, Designed by SMEG ITALY"	"슬롯 110x147x36mm (HxLxW) / 제품 198x310x195mm (HxLxW)"	1년	(주)제이컬렉션/스메그코리아 고객센터 1588-2644	해당사항 없음	판매중	10
TSF01GREU	토스터 그레이	"223,000"	"스메그 토스터는 공간 인테리어의 가치를 높이고 멋을 더해 주기 위해 설계되었습니다. 부드러운 곡선의 레트로 라인 FAB 냉장고를 모티브로 디자인되어 제품의 컬러와 소재가 다양하고, 고객이 사용하고자 하는 모든 공간에서 다른 제품들과 완벽한 어우러짐을 자랑할 뿐만 아니라 제품 자체의 독특한 개성을 부각시켜 인테리어에 포인트가 될 수 있도록 제작되었습니다.스메그 소형가전의 디자인은 Deepdeisgn社의 건축가인 Matteo Bazzicalupo와 Raffaella Mangiarotti의 콜라보레이션을 통해 만들어졌습니다. 스메그만의 아이콘적 스타일과 유니크한 디테일을 담은 디자인뿐만 아니라 뛰어난 성능으로 사용자의 만족감을 높여줍니다. 1에서 6단계까지 굽기 조절이 가능하여 기호에 맞는 빵을 즐기실 수 있습니다. 다이얼을 재가열 기능으로 선택하면 차가운 빵을 굽거나, 한번 더 구워야 할 때 편리하게 사용할 수 있습니다. 해동 기능으로 냉동 보관된 빵도 갓 구운 빵처럼 부드러운 빵으로 토스팅하여 드실 수 있습니다.베이글 기능으로 열선이 바깥면만 작동해 겉은 바삭하고, 안쪽은 촉촉하게 구워진 맛있는 베이글을 즐길 수 있습니다."	/2024/05/12/product_10_18.png	HW07063-19008G	"AC 220V, 60Hz / 870W"	2022-07-01	"Dongguan Hengli Yorkwell manufactory,SMEG S.p.A. ｜(주)제이컬렉션"	"Assembled in China, Designed by SMEG ITALY"	"(가로x세로x높이)310x195x195mm, 2슬라이스, 팝업형"	1년	(주)제이컬렉션/스메그코리아 고객센터 1588-2644	해당사항 없음	판매중	10
TSF01CREU	토스터 크림	"223,000"	"스메그 토스터는 공간 인테리어의 가치를 높이고 멋을 더해 주기 위해 설계되었습니다. 부드러운 곡선의 레트로 라인 FAB 냉장고를 모티브로 디자인되어 제품의 컬러와 소재가 다양하고, 고객이 사용하고자 하는 모든 공간에서 다른 제품들과 완벽한 어우러짐을 자랑할 뿐만 아니라 제품 자체의 독특한 개성을 부각시켜 인테리어에 포인트가 될 수 있도록 제작되었습니다.스메그 소형가전의 디자인은 Deepdeisgn社의 건축가인 Matteo Bazzicalupo와 Raffaella Mangiarotti의 콜라보레이션을 통해 만들어졌습니다. 스메그만의 아이콘적 스타일과 유니크한 디테일을 담은 디자인뿐만 아니라 뛰어난 성능으로 사용자의 만족감을 높여줍니다. 1에서 6단계까지 굽기 조절이 가능하여 기호에 맞는 빵을 즐기실 수 있습니다. 다이얼을 재가열 기능으로 선택하면 차가운 빵을 굽거나, 한번 더 구워야 할 때 편리하게 사용할 수 있습니다. 해동 기능으로 냉동 보관된 빵도 갓 구운 빵처럼 부드러운 빵으로 토스팅하여 드실 수 있습니다.베이글 기능으로 열선이 바깥면만 작동해 겉은 바삭하고, 안쪽은 촉촉하게 구워진 맛있는 베이글을 즐길 수 있습니다."	/2024/05/12/product_10_19.png	HW07063-19008G	"AC 220V, 60Hz / 870W"	2017-03-01	"Dongguan Hengli Yorkwell manufactory,SMEG S.p.A. ｜(주)제이컬렉션"	"Assembled in China, Designed by SMEG ITALY"	"(가로x세로x높이)310x195x195mm, 2슬라이스, 팝업형"	1년	(주)제이컬렉션/스메그코리아 고객센터 1588-2644	해당사항 없음	판매중	10
TSF03WHEU	4구 토스터 화이트	"380,000"	"스메그 4구 토스터는 공간 인테리어의 가치를 높이고 멋을 더해 주기 위해 설계되었습니다. 부드러운 곡선의 레트로 라인 FAB 냉장고를 모티브로 디자인되어 제품의 컬러와 소재가 다양하고, 고객이 사용하고자 하는 모든 공간에서 다른 제품들과 완벽한 어우러짐을 자랑할 뿐만 아니라 제품 자체의 독특한 개성을 부각시켜 인테리어에 포인트가 될 수 있도록 제작되었습니다.스메그 소형가전의 디자인은 Deepdeisgn社의 건축가인 Matteo Bazzicalupo와 Raffaella Mangiarotti의 콜라보레이션을 통해 만들어졌습니다. 스메그만의 아이콘적 스타일과 유니크한 디테일을 담은 디자인뿐만 아니라 뛰어난 성능으로 사용자의 만족감을 높여줍니다.4구의 빵 투입구로 한 번에 4장의 식빵 등을 구워 낼 수 있습니다. 다인 가구 뿐만 아니라 게스트하우스, 카페 등에서 폭 넓은 활용이 가능합니다."	/2024/05/12/product_10_20.png	"유 / HU071107-22009A유 / HU071107-22009A"	"220V, 60Hz, 1760W"	2023-01-01	"Dongguan Hengli Yorkwell manufactory,SMEG S.p.A. ｜(주)제이컬렉션"	"Assembled in China, Designed by SMEG ITALY"	"(가로x세로x높이)330x300x198mm, 4슬라이스, 팝업형"	1년	(주)제이컬렉션/스메그코리아 고객센터 1588-2644	해당사항 없음	판매중	10
TSF03SSEU	4구 토스터 크롬	"380,000"	"스메그 4구 토스터는 공간 인테리어의 가치를 높이고 멋을 더해 주기 위해 설계되었습니다. 부드러운 곡선의 레트로 라인 FAB 냉장고를 모티브로 디자인되어 제품의 컬러와 소재가 다양하고, 고객이 사용하고자 하는 모든 공간에서 다른 제품들과 완벽한 어우러짐을 자랑할 뿐만 아니라 제품 자체의 독특한 개성을 부각시켜 인테리어에 포인트가 될 수 있도록 제작되었습니다.스메그 소형가전의 디자인은 Deepdeisgn社의 건축가인 Matteo Bazzicalupo와 Raffaella Mangiarotti의 콜라보레이션을 통해 만들어졌습니다. 스메그만의 아이콘적 스타일과 유니크한 디테일을 담은 디자인뿐만 아니라 뛰어난 성능으로 사용자의 만족감을 높여줍니다.4구의 빵 투입구로 한 번에 4장의 식빵 등을 구워 낼 수 있습니다. 다인 가구 뿐만 아니라 게스트하우스, 카페 등에서 폭 넓은 활용이 가능합니다."	/2024/05/12/product_10_21.png	유 / HU071107-22009A	"220V, 60Hz, 1760W"	2023-01-02	"Dongguan Hengli Yorkwell manufactory,SMEG S.p.A. ｜(주)제이컬렉션"	"Assembled in China, Designed by SMEG ITALY"	"(가로x세로x높이)330x300x198mm, 4슬라이스, 팝업형"	1년	(주)제이컬렉션/스메그코리아 고객센터 1588-2644	해당사항 없음	판매중	10
TSF01GOEU	토스터 골드	"335,000"	"스메그 토스터는 공간 인테리어의 가치를 높이고 멋을 더해 주기 위해 설계되었습니다. 부드러운 곡선의 레트로 라인 FAB 냉장고를 모티브로 디자인되어 제품의 컬러와 소재가 다양하고, 고객이 사용하고자 하는 모든 공간에서 다른 제품들과 완벽한 어우러짐을 자랑할 뿐만 아니라 제품 자체의 독특한 개성을 부각시켜 인테리어에 포인트가 될 수 있도록 제작되었습니다.스메그 소형가전의 디자인은 Deepdeisgn社의 건축가인 Matteo Bazzicalupo와 Raffaella Mangiarotti의 콜라보레이션을 통해 만들어졌습니다. 스메그만의 아이콘적 스타일과 유니크한 디테일을 담은 디자인뿐만 아니라 뛰어난 성능으로 사용자의 만족감을 높여줍니다. 1에서 6단계까지 굽기 조절이 가능하여 기호에 맞는 빵을 즐기실 수 있습니다. 다이얼을 재가열 기능으로 선택하면 차가운 빵을 굽거나, 한번 더 구워야 할 때 편리하게 사용할 수 있습니다. 해동 기능으로 냉동 보관된 빵도 갓 구운 빵처럼 부드러운 빵으로 토스팅하여 드실 수 있습니다.베이글 기능으로 열선이 바깥면만 작동해 겉은 바삭하고, 안쪽은 촉촉하게 구워진 맛있는 베이글을 즐길 수 있습니다."	/2024/05/12/product_10_22.png	HW07063-19008G	"AC 220V, 60Hz / 870W"	2020-12-01	"Dongguan Hengli Yorkwell manufactory,SMEG S.p.A. ｜(주)제이컬렉션"	"Assembled in China, Designed by SMEG ITALY"	"(가로x세로x높이)310x195x195mm, 2슬라이스, 팝업형"	1년	(주)제이컬렉션/스메그코리아 고객센터 1588-2644	해당사항 없음	판매중	10
TSF01SSEU	토스터 크롬	"335,000"	"스메그 토스터는 공간 인테리어의 가치를 높이고 멋을 더해 주기 위해 설계되었습니다. 부드러운 곡선의 레트로 라인 FAB 냉장고를 모티브로 디자인되어 제품의 컬러와 소재가 다양하고, 고객이 사용하고자 하는 모든 공간에서 다른 제품들과 완벽한 어우러짐을 자랑할 뿐만 아니라 제품 자체의 독특한 개성을 부각시켜 인테리어에 포인트가 될 수 있도록 제작되었습니다.스메그 소형가전의 디자인은 Deepdeisgn社의 건축가인 Matteo Bazzicalupo와 Raffaella Mangiarotti의 콜라보레이션을 통해 만들어졌습니다. 스메그만의 아이콘적 스타일과 유니크한 디테일을 담은 디자인뿐만 아니라 뛰어난 성능으로 사용자의 만족감을 높여줍니다. 1에서 6단계까지 굽기 조절이 가능하여 기호에 맞는 빵을 즐기실 수 있습니다. 다이얼을 재가열 기능으로 선택하면 차가운 빵을 굽거나, 한번 더 구워야 할 때 편리하게 사용할 수 있습니다. 해동 기능으로 냉동 보관된 빵도 갓 구운 빵처럼 부드러운 빵으로 토스팅하여 드실 수 있습니다.베이글 기능으로 열선이 바깥면만 작동해 겉은 바삭하고, 안쪽은 촉촉하게 구워진 맛있는 베이글을 즐길 수 있습니다."	/2024/05/12/product_10_23.png	HW07063-19008G	"AC 220V, 60Hz / 870W"	2017-03-01	"Dongguan Hengli Yorkwell manufactory,SMEG S.p.A. ｜(주)제이컬렉션"	"Assembled in China, Designed by SMEG ITALY"	"(가로x세로x높이)310x195x195mm, 2슬라이스, 팝업형"	1년	(주)제이컬렉션/스메그코리아 고객센터 1588-2644	해당사항 없음	판매중	10
BLF03CREU	믹서기 크림	"395,000"	"800W 모터의 강력한 블렌딩,원터치 프로그램과 자동세척 모드로 더 편리해진 기능,100% Tritan 소재 컨테이너로 안전성과 독보적인 스타일리시함.스메그 프리미엄 블렌더 BLF03를 경험해보세요.인간이 느끼는 심미성을 극대화한 곡선 디자인과 다채로운 컬러로 따라 할 수 없는 아름다움을 담았습니다.혁신적인 기술력으로 뛰어난 품질과 성능은 이탈리아의 장인정신을 보여줍니다.어떤 공간에도 어울리며, 멋을 더해주는 오브제로서 시간이 지나도 변함없이, 가전 그 이상의 가치를 드립니다.4가지 원터치 프로그램으로 쉽고 편하게 음료를 즐기실 수 있습니다.재료와 원하는 음료에 따라 스무디, 그린스무디, 분쇄 얼음 모드를 선택하여 즐겨보세요. 자동세척 모드를 활용하면 세척과 관리도 편리합니다."	/2024/05/12/product_11_01.png	SU071839-15002B	"AC 220V, 60Hz / 800W"	2023-10-01	Poking Industrial (Dong Guan) Company Limited / (주)제이컬렉션	"Assembled in China, Designed by SMEG ITALY"	"(가로x세로x높이)197x163x397mm, 4.5kg, 트라이탄,1.5리터, 18000rpm"	1년	(주)제이컬렉션/스메그코리아 고객센터 1588-2644	해당사항 없음	품절	11
BLF03PBEU	믹서기 파스텔블루	"395,000"	"800W 모터의 강력한 블렌딩,원터치 프로그램과 자동세척 모드로 더 편리해진 기능,100% Tritan 소재 컨테이너로 안전성과 독보적인 스타일리시함.스메그 프리미엄 블렌더 BLF03를 경험해보세요.인간이 느끼는 심미성을 극대화한 곡선 디자인과 다채로운 컬러로 따라 할 수 없는 아름다움을 담았습니다.혁신적인 기술력으로 뛰어난 품질과 성능은 이탈리아의 장인정신을 보여줍니다.어떤 공간에도 어울리며, 멋을 더해주는 오브제로서 시간이 지나도 변함없이, 가전 그 이상의 가치를 드립니다.4가지 원터치 프로그램으로 쉽고 편하게 음료를 즐기실 수 있습니다.재료와 원하는 음료에 따라 스무디, 그린스무디, 분쇄 얼음 모드를 선택하여 즐겨보세요. 자동세척 모드를 활용하면 세척과 관리도 편리합니다."	/2024/05/12/product_11_02.png	SU071839-15002B	"AC 220V, 60Hz / 800W"	2023-10-02	Poking Industrial (Dong Guan) Company Limited / (주)제이컬렉션	"Assembled in China, Designed by SMEG ITALY"	"(가로x세로x높이)197x163x397mm, 4.5kg, 트라이탄,1.5리터, 18000rpm"	1년	(주)제이컬렉션/스메그코리아 고객센터 1588-2645	해당사항 없음	품절	11
BLF03BLEU	믹서기 블랙	"395,000"	"800W 모터의 강력한 블렌딩,원터치 프로그램과 자동세척 모드로 더 편리해진 기능,100% Tritan 소재 컨테이너로 안전성과 독보적인 스타일리시함.스메그 프리미엄 블렌더 BLF03를 경험해보세요.인간이 느끼는 심미성을 극대화한 곡선 디자인과 다채로운 컬러로 따라 할 수 없는 아름다움을 담았습니다.혁신적인 기술력으로 뛰어난 품질과 성능은 이탈리아의 장인정신을 보여줍니다.어떤 공간에도 어울리며, 멋을 더해주는 오브제로서 시간이 지나도 변함없이, 가전 그 이상의 가치를 드립니다.4가지 원터치 프로그램으로 쉽고 편하게 음료를 즐기실 수 있습니다.재료와 원하는 음료에 따라 스무디, 그린스무디, 분쇄 얼음 모드를 선택하여 즐겨보세요. 자동세척 모드를 활용하면 세척과 관리도 편리합니다."	/2024/05/12/product_11_03.png	SU071839-15002B	"AC 220V, 60Hz / 800W"	2023-10-03	Poking Industrial (Dong Guan) Company Limited / (주)제이컬렉션	"Assembled in China, Designed by SMEG ITALY"	"(가로x세로x높이)197x163x397mm, 4.5kg, 트라이탄,1.5리터, 18000rpm"	1년	(주)제이컬렉션/스메그코리아 고객센터 1588-2646	해당사항 없음	품절	11
BLF03PGEU	믹서기 파스텔그린	"395,000"	"800W 모터의 강력한 블렌딩,원터치 프로그램과 자동세척 모드로 더 편리해진 기능,100% Tritan 소재 컨테이너로 안전성과 독보적인 스타일리시함.스메그 프리미엄 블렌더 BLF03를 경험해보세요.인간이 느끼는 심미성을 극대화한 곡선 디자인과 다채로운 컬러로 따라 할 수 없는 아름다움을 담았습니다.혁신적인 기술력으로 뛰어난 품질과 성능은 이탈리아의 장인정신을 보여줍니다.어떤 공간에도 어울리며, 멋을 더해주는 오브제로서 시간이 지나도 변함없이, 가전 그 이상의 가치를 드립니다.4가지 원터치 프로그램으로 쉽고 편하게 음료를 즐기실 수 있습니다.재료와 원하는 음료에 따라 스무디, 그린스무디, 분쇄 얼음 모드를 선택하여 즐겨보세요. 자동세척 모드를 활용하면 세척과 관리도 편리합니다."	/2024/05/12/product_11_04.png	SU071839-15002B	"AC 220V, 60Hz / 800W"	2023-10-04	Poking Industrial (Dong Guan) Company Limited / (주)제이컬렉션	"Assembled in China, Designed by SMEG ITALY"	"(가로x세로x높이)197x163x397mm, 4.5kg, 트라이탄,1.5리터, 18000rpm"	1년	(주)제이컬렉션/스메그코리아 고객센터 1588-2647	해당사항 없음	판매중	11
